id,current_label,image_number,soup_prob_pos,soup_prob_pos_corrected,soup_raw_label,fp_risk_score,fp_risk_rank,top1_source,top1_label,top1_sim,top5_pos_frac,top10_pos_frac,train_top10_pos_frac,myval_top10_pos_frac,mean_top5_sim,mean_top10_sim,v4_cluster,cluster_test_fraction,test_like_score,test_like_topk_mean,test_like_centroid_cos,dinomlp_full_label,dinomlp_v2_label,dinomlp_v3_label,mytest_augment_label,mytest_strict_label,mytest_split_label,ensemble42_123_label,splitval_augment_label,trsearch_bbox02_label,alt_model_pos_votes,alt_model_count,alt_model_pos_frac,alt_model_neg_votes,weak_label,weak_label_note,verifier_fp_score,verifier_rank,siglip_top5_pos_frac,siglip_top10_pos_frac,siglip_top1_label,siglip_top1_sim,clip_top5_pos_frac,clip_top10_pos_frac,clip_top1_label,clip_top1_sim,dino_neg_signal,siglip_neg_signal,clip_neg_signal,vlm_neg_consensus,three_embedding_neg_consensus,consensus_note
000131.jpg,1,131,0.62158203125,0.62158203125,1,0.92568359375,1.0,train,0.0,0.6505702137947083,0.0,0.0,0.0,,0.6143816709518433,0.5934765934944153,11.0,0.0301507537688442,0.2521503950183715,0.50215816,-0.12026702,0,-1,-1,0,0,1,-1,0,0,1.0,6,0.1666666666666666,5.0,one_of_three_fp,one_of_108_124_131_is_fp,0.9330061848958334,1,0.0,0.0,0.0,0.9082367420196532,0.4,0.5,0.0,0.6094652414321899,1.0,1.0,0.6,0.8,0.8666666666666667,unresolved_group_mixed_vlm
000108.jpg,1,108,0.70458984375,0.70458984375,1,0.90908203125,2.0,myval,0.0,0.931829571723938,0.0,0.0,0.0,0.0,0.6873914003372192,0.6336270570755005,12.0,0.0415512465373961,0.4033896534231561,0.574166,0.31715235,0,-1,-1,0,0,1,-1,1,0,2.0,6,0.3333333333333333,4.0,one_of_three_fp,one_of_108_124_131_is_fp,0.8939274088541667,2,0.0,0.0,0.0,0.948398232460022,0.4,0.5,0.0,0.851554274559021,1.0,1.0,0.6,0.8,0.8666666666666667,unresolved_group_mixed_vlm
000177.jpg,1,177,0.81640625,0.81640625,1,0.8867187500000001,3.0,myval,0.0,0.7293969392776489,0.0,0.0,0.0,0.0,0.6867064833641052,0.6622194051742554,12.0,0.0415512465373961,0.4239804355886834,0.5949615,0.35376534,0,-1,-1,0,1,0,-1,0,0,1.0,6,0.1666666666666666,5.0,inferred_fp,inferred_fp_from_pairwise_lb,0.8804036458333333,3,0.0,0.1,0.0,0.9593827724456788,0.0,0.0,0.0,0.8371521234512329,1.0,1.0,1.0,1.0,1.0,lb_inferred_fp_and_embedding_negative
000088.jpg,1,88,0.7841796875,0.7841796875,1,0.8619140625000001,5.0,train,0.0,0.6851330399513245,0.0,0.1,0.125,0.0,0.6532964110374451,0.6269127726554871,12.0,0.0415512465373961,0.4517706839826959,0.5918112,0.47185707,0,-1,-1,0,0,0,-1,0,0,0.0,6,0.0,6.0,inferred_fp,inferred_fp_from_pairwise_lb,0.8698339843750001,4,0.2,0.2,0.0,0.9646578431129456,0.2,0.2,0.0,0.8415238857269287,1.0,0.8,0.8,0.8,0.8666666666666667,lb_inferred_fp_and_embedding_negative
000124.jpg,1,124,0.818359375,0.818359375,1,0.8863281250000001,4.0,train,0.0,0.8533634543418884,0.0,0.0,0.0,0.0,0.8381446599960327,0.8134910464286804,1.0,0.0404040404040404,0.4600552000180639,0.6430582,0.39316952,0,-1,-1,0,1,0,-1,0,1,2.0,6,0.3333333333333333,4.0,one_of_three_fp,one_of_108_124_131_is_fp,0.8632096354166667,5,0.4,0.5,0.0,0.9385647177696228,0.8,0.5,1.0,0.8029046058654785,1.0,0.6,0.19999999999999996,0.39999999999999997,0.6,unresolved_group_clip_positive
000020.jpg,1,20,0.88525390625,0.88525390625,1,0.83294921875,10.0,train,0.0,0.8082491755485535,0.0,0.1,0.1,,0.7422658801078796,0.7017654180526733,12.0,0.0415512465373961,0.4658425955561059,0.6781527,0.33819345,0,-1,-1,0,0,0,-1,0,0,0.0,6,0.0,6.0,,,0.8444814453125,6,0.2,0.1,0.0,0.9630596041679382,0.8,0.6,0.0,0.8533077239990234,1.0,0.8,0.19999999999999996,0.5,0.6666666666666666,
000106.jpg,1,106,0.84814453125,0.84814453125,1,0.8403710937500001,9.0,train,0.0,0.6137266755104065,0.0,0.1,0.1,,0.5856292843818665,0.563780665397644,12.0,0.0415512465373961,0.290986260631408,0.53193116,-0.039544627,0,-1,-1,0,0,1,-1,0,0,1.0,6,0.1666666666666666,5.0,,,0.8378343098958335,7,0.0,0.1,0.0,0.9461787343025208,0.6,0.6,0.0,0.7841936349868774,1.0,1.0,0.4,0.7,0.7999999999999999,
000082.jpg,1,82,0.94580078125,0.94580078125,1,0.8608398437500001,7.0,train,0.0,0.6863609552383423,0.0,0.0,0.0,0.0,0.6642309427261353,0.6431021094322205,2.0,0.039568345323741,0.3593975207359671,0.6526219,-0.029832803,0,-1,-1,1,1,1,-1,1,0,4.0,6,0.6666666666666666,2.0,,,0.7954671223958334,8,0.4,0.4,0.0,0.9699825048446656,0.6,0.7,1.0,0.8886121511459351,1.0,0.6,0.4,0.5,0.6666666666666666,
000138.jpg,1,138,0.83154296875,0.83154296875,1,0.84369140625,8.0,train,0.0,0.6463881134986877,0.0,0.1,0.1,,0.5838704109191895,0.5533657670021057,2.0,0.039568345323741,0.3543576499969839,0.5839964,0.10098374,0,-1,-1,1,1,1,-1,1,0,4.0,6,0.6666666666666666,2.0,,,0.7923167317708334,9,0.4,0.3,0.0,0.9714102745056152,0.8,0.6,1.0,0.8955880403518677,1.0,0.6,0.19999999999999996,0.39999999999999997,0.6,
000035.jpg,1,35,0.94287109375,0.94287109375,1,0.8614257812500001,6.0,train,0.0,0.7266910076141357,0.0,0.0,0.0,,0.6945286989212036,0.6460477113723755,2.0,0.039568345323741,0.3368095061333059,0.5571178,0.08992407,0,-1,-1,1,1,1,-1,1,1,5.0,6,0.8333333333333334,1.0,,,0.7795914713541667,10,0.6,0.5,1.0,0.957815408706665,0.4,0.4,0.0,0.8688586950302124,1.0,0.4,0.6,0.5,0.6666666666666666,
000053.jpg,1,53,0.8671875,0.8671875,1,0.7765625000000002,11.0,train,0.0,0.5177304148674011,0.0,0.0,0.0,,0.4813683629035949,0.4604790806770324,6.0,0.0062893081761006,0.2937840173454404,0.508805,0.05073373,1,-1,-1,1,1,1,-1,1,0,5.0,6,0.8333333333333334,1.0,,,0.7650260416666668,11,0.4,0.4,1.0,0.9694380760192872,0.2,0.5,0.0,0.916611909866333,1.0,0.6,0.8,0.7,0.8000000000000002,
000046.jpg,1,46,0.658203125,0.658203125,1,0.6783593750000001,15.0,train,0.0,0.6649773716926575,0.2,0.2,0.2,,0.6509730219841003,0.630167543888092,11.0,0.0301507537688442,0.1832799995963897,0.44527406,-0.2706035,1,-1,-1,0,0,0,-1,0,0,1.0,6,0.1666666666666666,5.0,,,0.7491184895833335,12,0.6,0.4,1.0,0.9630670547485352,0.2,0.3,0.0,0.8032622337341309,0.8,0.4,0.8,0.6000000000000001,0.6666666666666666,
000062.jpg,1,62,0.82470703125,0.82470703125,1,0.6472808159722222,17.0,train,1.0,0.7381758689880371,0.2,0.2,0.1111111111111111,1.0,0.717970609664917,0.6951103210449219,11.0,0.0301507537688442,0.4037186885898436,0.67897,0.09702015,0,-1,-1,0,0,1,-1,0,0,1.0,6,0.1666666666666666,5.0,,,0.722717990451389,13,0.2,0.3,0.0,0.9690130949020386,0.4,0.4,1.0,0.8932011127471924,0.8,0.8,0.6,0.7,0.7333333333333334,
000016.jpg,1,16,0.87451171875,0.87451171875,1,0.7350976562500001,12.0,train,0.0,0.6023795008659363,0.2,0.2,0.2,,0.575481116771698,0.5617659687995911,6.0,0.0062893081761006,0.2959156880588651,0.5262443,0.020893816,0,-1,-1,1,1,1,-1,1,1,5.0,6,0.8333333333333334,1.0,,,0.6590485026041668,14,0.0,0.1,0.0,0.9756913185119628,0.6,0.6,0.0,0.8897178173065186,0.8,1.0,0.4,0.7,0.7333333333333334,
000160.jpg,1,160,0.77490234375,0.77490234375,1,0.69501953125,14.0,train,1.0,0.6282239556312561,0.4,0.2,0.2,,0.6050511002540588,0.5892336964607239,3.0,0.0178117048346055,0.2724973657052328,0.47062492,0.040365197,0,-1,-1,1,1,1,-1,1,0,4.0,6,0.6666666666666666,2.0,,,0.6316097005208334,15,0.2,0.3,0.0,0.954670786857605,0.6,0.4,1.0,0.8788122534751892,0.6,0.8,0.4,0.6000000000000001,0.6,
000127.jpg,1,127,0.7783203125,0.7783203125,1,0.7187803819444445,13.0,train,0.0,0.5794908404350281,0.4,0.2,0.2222222222222222,0.0,0.5432612299919128,0.5171113014221191,4.0,0.0346534653465346,0.281469448486177,0.43147254,0.14891542,0,-1,-1,1,1,1,-1,1,1,5.0,6,0.8333333333333334,1.0,,,0.6181312934027777,16,0.2,0.2,0.0,0.9726191759109496,0.2,0.4,0.0,0.8866610527038574,0.6,0.8,0.8,0.8,0.7333333333333334,
000186.jpg,1,186,0.73583984375,0.73583984375,1,0.66283203125,16.0,train,1.0,0.6848984956741333,0.4,0.3,0.3,,0.6506065130233765,0.633622944355011,14.0,0.0745762711864406,0.356223609568709,0.5323415,0.19408208,0,-1,-1,0,1,1,-1,1,1,4.0,6,0.6666666666666666,2.0,,,0.6081565755208334,17,0.6,0.5,1.0,0.8571227192878723,0.8,0.9,1.0,0.3502677679061889,0.6,0.4,0.19999999999999996,0.3,0.39999999999999997,
000117.jpg,1,117,0.93115234375,0.93115234375,1,0.6237695312500001,18.0,train,0.0,0.6779147386550903,0.2,0.2,0.2,,0.6053071022033691,0.5738645792007446,5.0,0.0324909747292418,0.3335061442981127,0.5911999,0.007392071,1,-1,-1,1,1,1,-1,1,1,6.0,6,1.0,0.0,,,0.5920888671875001,18,0.6,0.7,1.0,0.9556684494018556,1.0,0.9,1.0,0.8240385055541992,0.8,0.4,0.0,0.2,0.4000000000000001,
000066.jpg,1,66,0.9423828125,0.9423828125,1,0.6215234375,19.0,train,1.0,0.5714901685714722,0.2,0.2,0.2,,0.5497297048568726,0.5308168530464172,12.0,0.0415512465373961,0.4226412980345147,0.58237755,0.3760935,1,-1,-1,1,1,1,-1,1,1,6.0,6,1.0,0.0,,,0.589056640625,19,0.0,0.1,0.0,0.9738049507141112,0.6,0.6,1.0,0.8223930597305298,0.8,1.0,0.4,0.7,0.7333333333333334,
000006.jpg,1,6,0.61328125,0.61328125,1,0.58734375,23.0,train,1.0,0.7236796617507935,0.4,0.3,0.3,,0.7055841088294983,0.6798281669616699,5.0,0.0324909747292418,0.4164049101004962,0.668577,0.16875747,1,-1,-1,1,1,1,-1,1,1,6.0,6,1.0,0.0,,,0.5729140625000001,20,0.6,0.6,1.0,0.9647985696792604,0.6,0.6,0.0,0.7073550224304199,0.6,0.4,0.4,0.4,0.4666666666666666,
000130.jpg,1,130,0.93701171875,0.93701171875,1,0.6192643229166667,20.0,train,1.0,0.7142468094825745,0.2,0.3,0.3333333333333333,0.0,0.710105299949646,0.6952754855155945,1.0,0.0404040404040404,0.5084403432980933,0.734261,0.3860638,1,-1,-1,1,1,1,-1,1,1,6.0,6,1.0,0.0,,,0.5626735026041666,21,0.8,0.7,1.0,0.9383009672164916,0.8,0.8,1.0,0.8235046863555908,0.8,0.19999999999999996,0.19999999999999996,0.19999999999999996,0.39999999999999997,
000017.jpg,1,17,0.9345703125,0.9345703125,1,0.5919748263888889,22.0,train,0.0,0.7032542824745178,0.2,0.4,0.4444444444444444,0.0,0.6958001852035522,0.681174635887146,5.0,0.0324909747292418,0.5084608566890124,0.7309718,0.39971268,1,-1,-1,1,1,1,-1,1,1,6.0,6,1.0,0.0,,,0.5313882378472222,22,0.4,0.7,1.0,0.9589622020721436,1.0,0.9,1.0,0.8254035711288452,0.8,0.6,0.0,0.3,0.4666666666666666,
000104.jpg,1,104,0.94091796875,0.94091796875,1,0.52931640625,26.0,train,1.0,0.5893767476081848,0.4,0.4,0.25,1.0,0.534582257270813,0.5143211483955383,14.0,0.0745762711864406,0.3482535446902453,0.49914193,0.23524097,0,-1,-1,1,1,1,-1,1,0,4.0,6,0.6666666666666666,2.0,,,0.5304104817708334,23,0.6,0.7,1.0,0.9185711741447448,0.4,0.5,0.0,0.5639868974685669,0.6,0.4,0.6,0.5,0.5333333333333333,
000084.jpg,1,84,0.69873046875,0.69873046875,1,0.4535872395833333,33.0,myval,1.0,0.7460084557533264,0.8,0.7,0.0,0.7777777777777778,0.6641107797622681,0.6290484666824341,14.0,0.0745762711864406,0.4131992126723467,0.60091114,0.27113125,1,-1,-1,0,0,1,-1,0,1,3.0,6,0.5,3.0,,,0.5190094401041666,24,0.6,0.7,0.0,0.9458177089691162,0.4,0.4,1.0,0.5611474514007568,0.19999999999999996,0.4,0.6,0.5,0.39999999999999997,
000086.jpg,1,86,0.92138671875,0.92138671875,1,0.6057226562499999,21.0,myval,0.0,0.8209947347640991,0.2,0.4,0.8,0.0,0.7719137668609619,0.7309049367904663,1.0,0.0404040404040404,0.4280897654668249,0.5557796,0.45732075,0,-1,-1,1,1,0,-1,1,0,3.0,6,0.5,3.0,,,0.5177255859375,25,1.0,0.9,1.0,0.9611752033233644,0.4,0.3,0.0,0.8292559385299683,0.8,0.0,0.6,0.3,0.4666666666666666,
000151.jpg,1,151,0.70947265625,0.70947265625,1,0.48810546875,29.0,train,0.0,0.5771952271461487,0.4,0.5,0.5,,0.5628176927566528,0.5508314371109009,11.0,0.0301507537688442,0.2564763511245574,0.51175904,-0.12408511,1,-1,-1,0,0,1,-1,1,1,4.0,6,0.6666666666666666,2.0,,,0.5122757161458333,26,1.0,1.0,1.0,0.9648134112358092,1.0,0.8,1.0,0.859402060508728,0.6,0.0,0.0,0.0,0.19999999999999998,
000045.jpg,1,45,0.93798828125,0.93798828125,1,0.5824023437499999,24.0,train,0.0,0.6599167585372925,0.4,0.4,0.4,,0.6159247159957886,0.5867726802825928,5.0,0.0324909747292418,0.3523073864112261,0.51098615,0.2590672,0,-1,-1,1,1,1,-1,1,1,5.0,6,0.8333333333333334,1.0,,,0.5029098307291666,27,0.2,0.5,0.0,0.9606554508209229,0.2,0.3,0.0,0.786899209022522,0.6,0.8,0.8,0.8,0.7333333333333334,
000099.jpg,1,99,0.89453125,0.89453125,1,0.51359375,27.0,myval,1.0,0.6753547787666321,0.4,0.3,0.25,0.5,0.6214233636856079,0.5943337678909302,5.0,0.0324909747292418,0.4709184241423968,0.67708886,0.36808538,1,-1,-1,1,1,1,-1,1,1,6.0,6,1.0,0.0,,,0.5008515625,28,0.6,0.7,0.0,0.9466758966445924,0.8,0.8,1.0,0.7668474316596985,0.6,0.4,0.19999999999999996,0.3,0.39999999999999997,
000037.jpg,1,37,0.59130859375,0.59130859375,1,0.5588811383928571,25.0,train,0.0,0.5589024424552917,0.6,0.5,0.5714285714285714,0.3333333333333333,0.5426426529884338,0.5316532850265503,1.0,0.0404040404040404,0.4346831716672338,0.5985376,0.38962668,0,-1,-1,1,1,1,-1,1,1,5.0,6,0.8333333333333334,1.0,,,0.4797276320684523,29,0.8,0.7,1.0,0.91640967130661,0.6,0.6,1.0,0.6232125163078308,0.4,0.19999999999999996,0.4,0.3,0.3333333333333333,
000039.jpg,1,39,0.98876953125,0.98876953125,1,0.51224609375,28.0,train,0.0,0.7574754357337952,0.4,0.3,0.3,,0.6730233430862427,0.6472517251968384,5.0,0.0324909747292418,0.3419127833972338,0.59233344,0.03852477,1,-1,-1,1,1,1,-1,1,1,6.0,6,1.0,0.0,,,0.4715322265625,30,0.6,0.6,0.0,0.955571949481964,0.6,0.7,0.0,0.7402346134185791,0.6,0.4,0.4,0.4,0.4666666666666666,
000070.jpg,1,70,0.5439453125,0.5439453125,1,0.4726395089285714,31.0,myval,0.0,0.6997478604316711,0.8,0.6,0.7142857142857143,0.3333333333333333,0.6460624933242798,0.6305630803108215,0.0,0.0385487528344671,0.3717119783500965,0.5312958,0.28715807,0,-1,-1,0,0,0,-1,0,0,0.0,6,0.0,6.0,,,0.463777622767857,31,0.6,0.6,1.0,0.956472873687744,1.0,0.9,1.0,0.8485887050628662,0.19999999999999996,0.4,0.0,0.2,0.19999999999999998,
000173.jpg,1,173,0.7216796875,0.7216796875,1,0.4856640625,30.0,train,1.0,0.5696623921394348,0.6,0.6,0.6,,0.5632005929946899,0.5481364130973816,15.0,0.047752808988764,0.3282121025444416,0.4764801,0.22638993,0,-1,-1,1,1,1,-1,1,1,5.0,6,0.8333333333333334,1.0,,,0.4223131510416666,32,0.8,0.9,1.0,0.955205738544464,1.0,1.0,1.0,0.8530035018920898,0.4,0.19999999999999996,0.0,0.09999999999999998,0.19999999999999998,
000119.jpg,1,119,0.71435546875,0.71435546875,1,0.3812955729166666,40.0,train,1.0,0.5193297863006592,0.6,0.6,0.8333333333333334,0.25,0.4926013946533203,0.4783350527286529,1.0,0.0404040404040404,0.3139874316827215,0.4853713,0.15580967,1,-1,-1,0,0,0,-1,0,0,1.0,6,0.1666666666666666,5.0,,,0.4072490234375,33,0.6,0.7,1.0,0.9433010816574096,0.4,0.5,0.0,0.693533718585968,0.4,0.4,0.6,0.5,0.4666666666666666,
000021.jpg,1,21,0.88037109375,0.88037109375,1,0.42517578125,35.0,train,1.0,0.6651615500450134,0.6,0.4,0.375,0.5,0.6187072992324829,0.6020547151565552,3.0,0.0178117048346055,0.3802816071431448,0.60467136,0.17660014,1,-1,-1,1,1,1,-1,1,1,6.0,6,1.0,0.0,,,0.3977373046875,34,0.4,0.4,0.0,0.9688705205917358,0.6,0.6,1.0,0.8542300462722778,0.4,0.6,0.4,0.5,0.4666666666666666,
000121.jpg,1,121,0.9462890625,0.9462890625,1,0.4007421874999999,37.0,myval,0.0,0.8671508431434631,0.2,0.6,1.0,0.3333333333333333,0.8396449089050293,0.7401250600814819,7.0,0.0295358649789029,0.3515636573612438,0.5325349,0.21104905,1,-1,-1,0,1,0,-1,1,1,4.0,6,0.6666666666666666,2.0,,,0.3843352864583332,35,0.8,0.9,1.0,0.9152175784111024,1.0,0.9,1.0,0.6307121515274048,0.8,0.19999999999999996,0.0,0.09999999999999998,0.3333333333333333,
000056.jpg,1,56,0.65869140625,0.65869140625,1,0.3582617187499999,42.0,train,1.0,0.4912965595722198,0.8,0.8,0.8,,0.4839937686920166,0.4692370891571045,1.0,0.0404040404040404,0.3144117869511999,0.48415193,0.16018966,0,-1,-1,0,0,0,-1,0,0,0.0,6,0.0,6.0,,,0.3836533203124999,36,0.4,0.6,0.0,0.9516614675521852,0.8,0.7,1.0,0.8445999622344971,0.19999999999999996,0.6,0.19999999999999996,0.39999999999999997,0.3333333333333333,
000118.jpg,1,118,0.9228515625,0.9228515625,1,0.3565407986111111,43.0,train,0.0,0.7250243425369263,0.4,0.6,0.5555555555555556,1.0,0.6896887421607971,0.6728367209434509,15.0,0.047752808988764,0.3627007805229573,0.6379377,0.009137817,1,-1,-1,1,1,1,-1,1,1,6.0,6,1.0,0.0,,,0.3791078559027778,37,0.8,0.6,1.0,0.9576571583747864,0.6,0.6,1.0,0.8719614744186401,0.6,0.19999999999999996,0.4,0.3,0.39999999999999997,
000061.jpg,1,61,0.9599609375,0.9599609375,1,0.4180078124999999,36.0,train,0.0,0.5464230179786682,0.6,0.4,0.4,,0.5330203175544739,0.5089733600616455,13.0,0.0148148148148148,0.3376898926275747,0.50754625,0.22230586,1,-1,-1,1,1,1,-1,1,1,6.0,6,1.0,0.0,,,0.3743105468749999,38,0.8,0.7,1.0,0.9787493348121644,0.8,0.8,1.0,0.8355701565742493,0.4,0.19999999999999996,0.19999999999999996,0.19999999999999996,0.26666666666666666,
000136.jpg,1,136,0.9404296875,0.9404296875,1,0.4569140625,32.0,train,1.0,0.6967329382896423,0.6,0.4,0.5,0.0,0.6513563990592957,0.622454047203064,11.0,0.0301507537688442,0.2793341959541167,0.5715602,-0.16421634,1,-1,-1,1,1,1,-1,1,1,6.0,6,1.0,0.0,,,0.371833984375,39,0.0,0.3,0.0,0.9689346551895142,0.8,0.6,1.0,0.8836761116981506,0.4,1.0,0.19999999999999996,0.6,0.5333333333333333,
000068.jpg,1,68,0.78076171875,0.78076171875,1,0.3675976562499999,41.0,myval,1.0,0.7806925773620605,0.4,0.5,1.0,0.375,0.6830412149429321,0.6294727325439453,14.0,0.0745762711864406,0.3722466791888414,0.53641593,0.24921063,1,-1,-1,1,0,1,-1,1,1,5.0,6,0.8333333333333334,1.0,,,0.3391735026041667,40,0.6,0.7,1.0,0.9382659196853638,0.8,0.8,0.0,0.6678134202957153,0.6,0.4,0.19999999999999996,0.3,0.39999999999999997,
000128.jpg,1,128,0.931640625,0.931640625,1,0.427421875,34.0,train,0.0,0.7320383191108704,0.6,0.5,0.625,0.0,0.650438129901886,0.6234343647956848,7.0,0.0295358649789029,0.4528084944069134,0.6195899,0.42450735,1,-1,-1,1,1,1,-1,1,1,6.0,6,1.0,0.0,,,0.33826953125,41,,,,,,,,,0.4,0.5,0.5,0.5,0.4666666666666666,
000159.jpg,1,159,0.7705078125,0.7705078125,1,,,,,,,,,,,,,,,,,1,-1,-1,0,1,0,-1,0,0,2.0,6,0.3333333333333333,4.0,,,0.3375651041666667,42,,,,,,,,,0.5,0.5,0.5,0.5,0.5,
000083.jpg,1,83,0.82666015625,0.82666015625,1,0.3963346354166666,38.0,myval,0.0,0.4587785601615906,0.6,0.5,0.8333333333333334,0.0,0.4271146655082702,0.4106146395206451,14.0,0.0745762711864406,0.2260830814858614,0.39224178,-0.01826062,1,-1,-1,1,1,1,-1,1,0,5.0,6,0.8333333333333334,1.0,,,0.3233850911458333,43,,,,,,,,,0.4,0.5,0.5,0.5,0.4666666666666666,
000092.jpg,1,92,0.64404296875,0.64404296875,1,0.3026199776785714,49.0,train,1.0,0.7207974791526794,0.8,0.7,0.7142857142857143,0.6666666666666666,0.703853189945221,0.6800414323806763,8.0,0.0617647058823529,0.3604257382364834,0.60121334,0.069621824,1,-1,-1,1,0,0,-1,1,1,4.0,6,0.6666666666666666,2.0,,,0.3175845889136904,44,,,,,,,,,0.19999999999999996,0.5,0.5,0.5,0.39999999999999997,
000182.jpg,1,182,0.763671875,0.763671875,1,0.342265625,44.0,myval,0.0,0.5978168249130249,0.6,0.5,1.0,0.1666666666666666,0.562603235244751,0.5402194857597351,15.0,0.047752808988764,0.4199837647797017,0.62590986,0.26473102,1,-1,-1,1,0,1,-1,0,0,3.0,6,0.5,3.0,,,0.31705859375,45,,,,,,,,,0.4,0.5,0.5,0.5,0.4666666666666666,
000154.jpg,1,154,0.8046875,0.8046875,1,,,,,,,,,,,,,,,,,1,-1,-1,1,0,0,-1,1,0,3.0,6,0.5,3.0,,,0.3140625,46,,,,,,,,,0.5,0.5,0.5,0.5,0.5,
000148.jpg,1,148,0.92431640625,0.92431640625,1,0.2962478298611111,51.0,train,0.0,0.7143277525901794,0.6,0.6,0.5555555555555556,1.0,0.640274167060852,0.6084769368171692,5.0,0.0324909747292418,0.3239242506156329,0.57347155,0.008066829,1,-1,-1,1,1,1,-1,1,1,6.0,6,1.0,0.0,,,0.3077123480902777,47,,,,,,,,,0.4,0.5,0.5,0.5,0.4666666666666666,
000179.jpg,1,179,0.93310546875,0.93310546875,1,0.3889344618055555,39.0,train,1.0,0.576771080493927,0.6,0.7,0.7777777777777778,0.0,0.5277497172355652,0.4888592660427093,10.0,0.0132450331125827,0.2846163485223884,0.5515214,-0.085477784,1,-1,-1,1,1,1,-1,1,1,6.0,6,1.0,0.0,,,0.2939504123263888,48,,,,,,,,,0.4,0.5,0.5,0.5,0.4666666666666666,
000067.jpg,1,67,0.861328125,0.861328125,1,,,,,,,,,,,,,,,,,1,-1,-1,1,1,1,-1,0,0,4.0,6,0.6666666666666666,2.0,,,0.2860677083333333,49,,,,,,,,,0.5,0.5,0.5,0.5,0.5,
000192.jpg,1,192,0.78515625,0.78515625,1,0.3129687499999999,48.0,train,1.0,0.5283101797103882,0.8,0.6,0.6,,0.5003564357757568,0.4826464653015136,10.0,0.0132450331125827,0.3299758706266517,0.57909155,0.035305962,1,-1,-1,1,1,1,-1,1,1,6.0,6,1.0,0.0,,,0.2825078124999999,50,,,,,,,,,0.19999999999999996,0.5,0.5,0.5,0.39999999999999997,
000048.jpg,1,48,0.8828125,0.8828125,1,,,,,,,,,,,,,,,,,0,-1,-1,1,1,1,-1,1,0,4.0,6,0.6666666666666666,2.0,,,0.2817708333333333,51,,,,,,,,,0.5,0.5,0.5,0.5,0.5,
000029.jpg,1,29,0.95947265625,0.95947265625,1,0.29810546875,50.0,train,1.0,0.5947352647781372,0.6,0.7,0.7,,0.5474339723587036,0.5247031450271606,8.0,0.0617647058823529,0.4632032193155849,0.74891675,0.15578428,1,-1,-1,1,1,1,-1,1,1,6.0,6,1.0,0.0,,,0.2724423828125,52,,,,,,,,,0.4,0.5,0.5,0.5,0.4666666666666666,
000008.jpg,1,8,0.95166015625,0.95166015625,1,0.31716796875,47.0,train,1.0,0.6063688397407532,0.6,0.7,0.75,0.5,0.5438475608825684,0.5277811288833618,1.0,0.0404040404040404,0.3626095332280554,0.4929152,0.33370143,1,-1,-1,1,1,1,-1,1,1,6.0,6,1.0,0.0,,,0.2706767578124999,53,,,,,,,,,0.4,0.5,0.5,0.5,0.4666666666666666,
000184.jpg,1,184,0.859375,0.859375,1,,,,,,,,,,,,,,,,,1,-1,-1,1,1,0,-1,1,1,5.0,6,0.8333333333333334,1.0,,,0.2697916666666666,54,,,,,,,,,0.5,0.5,0.5,0.5,0.5,
000064.jpg,1,64,0.90673828125,0.90673828125,1,0.3342078993055555,45.0,train,0.0,0.6486080884933472,0.8,0.7,0.7777777777777778,0.0,0.6084500551223755,0.5859338045120239,2.0,0.039568345323741,0.2665020427257895,0.4543031,0.034886714,1,-1,-1,0,1,1,-1,0,1,4.0,6,0.6666666666666666,2.0,,,0.2634028862847222,55,,,,,,,,,0.19999999999999996,0.5,0.5,0.5,0.39999999999999997,
000158.jpg,1,158,0.89990234375,0.89990234375,1,,,,,,,,,,,,,,,,,1,-1,-1,1,1,1,-1,1,0,5.0,6,0.8333333333333334,1.0,,,0.2616861979166667,56,,,,,,,,,0.5,0.5,0.5,0.5,0.5,
000155.jpg,1,155,0.9287109375,0.9287109375,1,,,,,,,,,,,,,,,,,1,-1,-1,1,1,1,-1,0,1,5.0,6,0.8333333333333334,1.0,,,0.2559244791666666,57,,,,,,,,,0.5,0.5,0.5,0.5,0.5,
000185.jpg,1,185,0.98681640625,0.98681640625,1,,,,,,,,,,,,,,,,,1,-1,-1,1,1,1,-1,1,0,5.0,6,0.8333333333333334,1.0,,,0.2443033854166666,58,,,,,,,,,0.5,0.5,0.5,0.5,0.5,
000030.jpg,1,30,0.69677734375,0.69677734375,1,0.2331445312499999,60.0,train,0.0,0.5868438482284546,0.8,0.8,0.75,1.0,0.5626529455184937,0.5336411595344543,8.0,0.0617647058823529,0.3941654242487514,0.64451015,0.10932754,1,-1,-1,1,1,1,-1,1,1,6.0,6,1.0,0.0,,,0.2422451171874999,59,,,,,,,,,0.19999999999999996,0.5,0.5,0.5,0.39999999999999997,
000080.jpg,1,80,0.93310546875,0.93310546875,1,0.2690931919642857,55.0,train,1.0,0.530031144618988,0.6,0.8,0.8571428571428571,0.6666666666666666,0.5051851272583008,0.4866321682929992,10.0,0.0132450331125827,0.2562641177351111,0.45168543,0.0207525,1,-1,-1,1,1,1,-1,1,1,6.0,6,1.0,0.0,,,0.2361329520089286,60,,,,,,,,,0.4,0.5,0.5,0.5,0.4666666666666666,
000125.jpg,1,125,0.96875,0.96875,1,0.25625,57.0,train,0.0,0.6338619589805603,0.6,0.8,0.8,,0.6046772599220276,0.587272047996521,15.0,0.047752808988764,0.2854707740665821,0.5021447,-0.0010375045,1,-1,-1,1,1,1,-1,1,1,6.0,6,1.0,0.0,,,0.2359375,61,,,,,,,,,0.4,0.5,0.5,0.5,0.4666666666666666,
000069.jpg,1,69,0.6982421875,0.6982421875,1,0.1981293402777778,81.0,train,1.0,0.6162251234054565,0.8,0.9,0.8888888888888888,1.0,0.598019003868103,0.5807086229324341,15.0,0.047752808988764,0.4363410376430897,0.65780675,0.25998703,1,-1,-1,1,0,1,-1,1,0,4.0,6,0.6666666666666666,2.0,,,0.2352523871527778,62,,,,,,,,,0.19999999999999996,0.5,0.5,0.5,0.39999999999999997,
000031.jpg,1,31,0.96826171875,0.96826171875,1,0.2763476562499999,54.0,train,1.0,0.7049251794815063,0.8,0.6,0.6,,0.6970890164375305,0.6855500340461731,5.0,0.0324909747292418,0.5085409057269458,0.71085554,0.44428867,1,-1,-1,1,1,1,-1,1,1,6.0,6,1.0,0.0,,,0.2330693359374999,63,,,,,,,,,0.19999999999999996,0.5,0.5,0.5,0.39999999999999997,
000094.jpg,1,94,0.93212890625,0.93212890625,1,0.33357421875,46.0,myval,0.0,0.7016887664794922,0.6,0.8,1.0,0.0,0.6099033355712891,0.5768597722053528,7.0,0.0295358649789029,0.3954311559974895,0.57876426,0.28481448,1,-1,-1,1,1,1,-1,1,1,6.0,6,1.0,0.0,,,0.2303251953124999,64,,,,,,,,,0.4,0.5,0.5,0.5,0.4666666666666666,
000042.jpg,1,42,0.97509765625,0.97509765625,1,0.28123046875,53.0,train,1.0,0.582291305065155,0.6,0.8,0.875,0.5,0.5758065581321716,0.5555983781814575,8.0,0.0617647058823529,0.4367532111616695,0.70771444,0.14062935,1,-1,-1,1,1,1,-1,1,1,6.0,6,1.0,0.0,,,0.2284111328125,65,,,,,,,,,0.4,0.5,0.5,0.5,0.4666666666666666,
000098.jpg,1,98,0.95458984375,0.95458984375,1,0.1990820312499999,79.0,train,1.0,0.7481166124343872,0.8,0.8,0.8,,0.7260017991065979,0.7081546187400818,0.0,0.0385487528344671,0.3423437863926228,0.58461386,0.052385572,1,-1,-1,0,1,0,-1,0,1,3.0,6,0.5,3.0,,,0.2187607421874999,66,,,,,,,,,0.19999999999999996,0.5,0.5,0.5,0.39999999999999997,
000194.jpg,1,194,0.5615234375,0.5615234375,1,0.1654730902777778,102.0,train,1.0,0.5441986918449402,1.0,0.9,0.8888888888888888,1.0,0.5393897891044617,0.5100888013839722,14.0,0.0745762711864406,0.3699994350691973,0.5229284,0.26989412,1,-1,-1,1,0,0,-1,1,0,3.0,6,0.5,3.0,,,0.2178331163194444,67,,,,,,,,,0.0,0.5,0.5,0.5,0.3333333333333333,
000059.jpg,1,59,0.775390625,0.775390625,1,0.2349218749999999,59.0,train,1.0,0.6865760684013367,0.8,0.8,0.8,,0.6460139155387878,0.6340008974075317,4.0,0.0346534653465346,0.4306596359404007,0.60250854,0.36939692,1,-1,-1,1,1,1,-1,1,1,6.0,6,1.0,0.0,,,0.2171445312499999,68,,,,,,,,,0.19999999999999996,0.5,0.5,0.5,0.39999999999999997,
000139.jpg,1,139,0.5380859375,0.5380859375,1,0.1423828125,115.0,train,1.0,0.6750687956809998,1.0,1.0,1.0,1.0,0.6522198915481567,0.6287084221839905,4.0,0.0346534653465346,0.4052207311781326,0.5863964,0.30308813,1,-1,-1,0,0,0,-1,0,1,2.0,6,0.3333333333333333,4.0,,,0.2088834635416667,69,,,,,,,,,0.0,0.5,0.5,0.5,0.3333333333333333,
000143.jpg,1,143,0.63134765625,0.63134765625,1,0.20373046875,77.0,train,1.0,0.596268892288208,1.0,0.8,0.8,,0.5457111597061157,0.5258675813674927,4.0,0.0346534653465346,0.3301117262037674,0.51167816,0.16703211,1,-1,-1,1,1,1,-1,1,0,5.0,6,0.8333333333333334,1.0,,,0.2017027994791666,70,,,,,,,,,0.0,0.5,0.5,0.5,0.3333333333333333,
000129.jpg,1,129,0.9052734375,0.9052734375,1,0.2089453124999999,76.0,train,1.0,0.5991411805152893,0.8,0.8,0.8,,0.5588560700416565,0.5352262258529663,8.0,0.0617647058823529,0.4609127618284786,0.7532461,0.13709772,1,-1,-1,1,1,1,-1,1,0,5.0,6,0.8333333333333334,1.0,,,0.1987428385416666,71,,,,,,,,,0.19999999999999996,0.5,0.5,0.5,0.39999999999999997,
000107.jpg,1,107,0.9755859375,0.9755859375,1,0.1863113839285713,90.0,myval,1.0,0.6490210294723511,0.8,0.8,0.7142857142857143,1.0,0.5305816531181335,0.5037099719047546,8.0,0.0617647058823529,0.4265651978464687,0.66530263,0.19318314,1,-1,-1,1,1,1,-1,1,0,5.0,6,0.8333333333333334,1.0,,,0.1939013206845237,72,,,,,,,,,0.19999999999999996,0.5,0.5,0.5,0.39999999999999997,
000077.jpg,1,77,0.70703125,0.70703125,1,0.24359375,58.0,train,1.0,0.5351386070251465,0.8,0.9,1.0,0.5,0.5281915068626404,0.5215091109275818,4.0,0.0346534653465346,0.346951021829454,0.56200594,0.12366821,1,-1,-1,1,1,1,-1,1,1,6.0,6,1.0,0.0,,,0.1938515624999999,73,,,,,,,,,0.19999999999999996,0.5,0.5,0.5,0.39999999999999997,
000005.jpg,1,5,0.9716796875,0.9716796875,1,0.1989973958333333,80.0,train,1.0,0.497731864452362,0.8,0.7,0.6666666666666666,1.0,0.4844927787780761,0.4707163274288177,14.0,0.0745762711864406,0.3856527472754656,0.53349376,0.30926365,1,-1,-1,1,1,1,-1,1,1,6.0,6,1.0,0.0,,,0.1919798177083333,74,,,,,,,,,0.19999999999999996,0.5,0.5,0.5,0.39999999999999997,
000191.jpg,1,191,0.927734375,0.927734375,1,0.1800086805555555,94.0,myval,1.0,0.6786257028579712,0.8,0.8,0.7777777777777778,1.0,0.6621930003166199,0.6349286437034607,15.0,0.047752808988764,0.4632303618313221,0.6554805,0.37266207,1,-1,-1,1,1,1,-1,1,0,5.0,6,0.8333333333333334,1.0,,,0.1885672743055555,75,,,,,,,,,0.19999999999999996,0.5,0.5,0.5,0.39999999999999997,
000015.jpg,1,15,0.57177734375,0.57177734375,1,0.17564453125,97.0,train,1.0,0.6304308176040649,1.0,0.9,0.9,,0.5859074592590332,0.5690802931785583,15.0,0.047752808988764,0.3301135503174214,0.4662703,0.25645733,1,-1,-1,1,0,1,-1,1,1,5.0,6,0.8333333333333334,1.0,,,0.1837867838541666,76,,,,,,,,,0.0,0.5,0.5,0.5,0.3333333333333333,
000156.jpg,1,156,0.9619140625,0.9619140625,1,0.2953949652777777,52.0,train,1.0,0.5657066106796265,0.8,0.8,0.8888888888888888,0.0,0.5467817783355713,0.5392480492591858,1.0,0.0404040404040404,0.3360004998818792,0.49149227,0.23039582,1,-1,-1,1,1,1,-1,1,1,6.0,6,1.0,0.0,,,0.1832276475694444,77,,,,,,,,,0.19999999999999996,0.5,0.5,0.5,0.39999999999999997,
000112.jpg,1,112,0.94873046875,0.94873046875,1,0.1758094618055555,96.0,train,0.0,0.5754484534263611,0.8,0.8,0.7777777777777778,1.0,0.5363079905509949,0.518539309501648,8.0,0.0617647058823529,0.4856547988863552,0.7295302,0.28824094,1,-1,-1,1,1,1,-1,1,1,6.0,6,1.0,0.0,,,0.1662316623263888,78,,,,,,,,,0.19999999999999996,0.5,0.5,0.5,0.39999999999999997,
000146.jpg,1,146,0.83154296875,0.83154296875,1,0.1714691840277777,101.0,train,1.0,0.6236443519592285,0.8,0.9,0.8888888888888888,1.0,0.595039963722229,0.5782212615013123,14.0,0.0745762711864406,0.4020043874999224,0.6223788,0.17912301,1,-1,-1,1,1,1,-1,1,1,6.0,6,1.0,0.0,,,0.1659278428819444,79,,,,,,,,,0.19999999999999996,0.5,0.5,0.5,0.39999999999999997,
000063.jpg,1,63,0.96630859375,0.96630859375,1,0.1967382812499999,82.0,train,1.0,0.6368830800056458,0.8,0.8,0.8,,0.5919424295425415,0.5723183155059814,8.0,0.0617647058823529,0.4276145376177395,0.7198719,0.077328175,1,-1,-1,1,1,1,-1,1,1,6.0,6,1.0,0.0,,,0.1655966796874999,80,,,,,,,,,0.19999999999999996,0.5,0.5,0.5,0.39999999999999997,
000164.jpg,1,164,0.8095703125,0.8095703125,1,0.1630859375,104.0,train,1.0,0.7900596857070923,1.0,0.9,1.0,0.5,0.7650290727615356,0.7431405782699585,0.0,0.0385487528344671,0.4443986505607899,0.6038171,0.418358,1,-1,-1,0,0,0,-1,0,1,2.0,6,0.3333333333333333,4.0,,,0.1618326822916666,81,,,,,,,,,0.0,0.5,0.5,0.5,0.3333333333333333,
000028.jpg,1,28,0.95751953125,0.95751953125,1,0.1584960937499999,107.0,train,1.0,0.7412931323051453,0.8,0.9,0.9,,0.7050777673721313,0.6781867742538452,8.0,0.0617647058823529,0.4257760621519649,0.6899863,0.13572264,1,-1,-1,1,1,1,-1,1,0,5.0,6,0.8333333333333334,1.0,,,0.1506363932291665,82,,,,,,,,,0.19999999999999996,0.5,0.5,0.5,0.39999999999999997,
000089.jpg,1,89,0.95751953125,0.95751953125,1,0.1584960937499999,108.0,train,1.0,0.5436536073684692,0.8,0.9,0.9,,0.488196462392807,0.4556614458560943,7.0,0.0295358649789029,0.3629912982761608,0.4792041,0.37408745,1,-1,-1,1,1,1,-1,0,1,5.0,6,0.8333333333333334,1.0,,,0.1506363932291665,83,,,,,,,,,0.19999999999999996,0.5,0.5,0.5,0.39999999999999997,
000105.jpg,1,105,0.5703125,0.5703125,1,0.1359375,119.0,train,1.0,0.8223365545272827,1.0,1.0,1.0,1.0,0.7914012670516968,0.7773754000663757,14.0,0.0745762711864406,0.3055640722533403,0.5085988,0.043677904,1,-1,-1,1,0,1,-1,1,1,5.0,6,0.8333333333333334,1.0,,,0.1501822916666666,84,,,,,,,,,0.0,0.5,0.5,0.5,0.3333333333333333,
000085.jpg,1,85,0.974609375,0.974609375,1,0.2650781249999999,56.0,myval,0.0,0.6301273107528687,0.8,0.9,1.0,0.0,0.5938725471496582,0.5695781111717224,4.0,0.0346534653465346,0.3137148758562484,0.49023414,0.14862156,1,-1,-1,1,1,1,-1,1,1,6.0,6,1.0,0.0,,,0.1478554687499999,85,,,,,,,,,0.19999999999999996,0.5,0.5,0.5,0.39999999999999997,
000078.jpg,1,78,0.9345703125,0.9345703125,1,0.1630859374999999,105.0,train,0.0,0.6414156556129456,0.8,0.9,0.9,,0.6312547326087952,0.6144617795944214,1.0,0.0404040404040404,0.3515255428925909,0.5324793,0.20232448,1,-1,-1,1,1,1,-1,1,1,6.0,6,1.0,0.0,,,0.1401660156249999,86,,,,,,,,,0.19999999999999996,0.5,0.5,0.5,0.39999999999999997,
000079.jpg,1,79,0.96240234375,0.96240234375,1,0.1575195312499999,109.0,train,0.0,0.7089048624038696,0.8,0.9,0.9,,0.6734973192214966,0.6516377925872803,0.0,0.0385487528344671,0.3459567517380055,0.54012704,0.16470852,1,-1,-1,1,1,1,-1,1,1,6.0,6,1.0,0.0,,,0.1326513671874999,87,,,,,,,,,0.19999999999999996,0.5,0.5,0.5,0.39999999999999997,
000142.jpg,1,142,0.82373046875,0.82373046875,1,0.08525390625,138.0,myval,1.0,0.6394345164299011,1.0,1.0,1.0,1.0,0.60835862159729,0.5849137306213379,4.0,0.0346534653465346,0.4272987088354507,0.6201957,0.31704146,1,-1,-1,0,0,0,-1,0,1,2.0,6,0.3333333333333333,4.0,,,0.1317594401041666,88,,,,,,,,,0.0,0.5,0.5,0.5,0.3333333333333333,
000163.jpg,1,163,0.962890625,0.962890625,1,0.192421875,86.0,train,1.0,0.6022747755050659,0.8,0.9,1.0,0.5,0.5672582387924194,0.5447289347648621,15.0,0.047752808988764,0.3251244329334645,0.54185325,0.07021835,1,-1,-1,1,1,1,-1,1,1,6.0,6,1.0,0.0,,,0.1247695312499999,89,,,,,,,,,0.19999999999999996,0.5,0.5,0.5,0.39999999999999997,
000038.jpg,1,38,0.921875,0.921875,1,0.065625,147.0,train,1.0,0.7056108713150024,1.0,1.0,1.0,1.0,0.6749427914619446,0.649326503276825,4.0,0.0346534653465346,0.4255233248861709,0.634605,0.27823952,1,-1,-1,0,0,0,-1,0,1,2.0,6,0.3333333333333333,4.0,,,0.1052604166666666,90,,,,,,,,,0.0,0.5,0.5,0.5,0.3333333333333333,
000003.jpg,1,3,0.94189453125,0.94189453125,1,0.14162109375,116.0,train,1.0,0.6529989838600159,1.0,0.8,0.8,,0.6101151704788208,0.5871810913085938,2.0,0.039568345323741,0.3026820323021292,0.55373466,-0.03914289,1,-1,-1,1,1,1,-1,1,1,6.0,6,1.0,0.0,,,0.1011884765624999,91,,,,,,,,,0.0,0.5,0.5,0.5,0.3333333333333333,
000052.jpg,1,52,0.89453125,0.89453125,1,0.10234375,131.0,train,1.0,0.652636706829071,1.0,0.9,0.875,1.0,0.5982468128204346,0.5703498125076294,0.0,0.0385487528344671,0.4918085426430043,0.67052144,0.46124798,1,-1,-1,1,1,1,-1,1,1,6.0,6,1.0,0.0,,,0.0819140625,92,,,,,,,,,0.0,0.5,0.5,0.5,0.3333333333333333,
000097.jpg,1,97,0.8232421875,0.8232421875,1,0.0853515625,137.0,train,1.0,0.6461279988288879,1.0,1.0,1.0,,0.5767146348953247,0.5422984957695007,1.0,0.0404040404040404,0.2469040580169119,0.41462559,0.04311671,1,-1,-1,1,0,1,-1,1,1,5.0,6,0.8333333333333334,1.0,,,0.0818912760416666,93,,,,,,,,,0.0,0.5,0.5,0.5,0.3333333333333333,
000096.jpg,1,96,0.962890625,0.962890625,1,0.0974218749999999,132.0,train,1.0,0.720458447933197,1.0,0.9,0.9,,0.680142879486084,0.6607349514961243,15.0,0.047752808988764,0.3996395074249653,0.58691585,0.26914084,1,-1,-1,1,0,1,-1,1,1,5.0,6,0.8333333333333334,1.0,,,0.0781861979166666,94,,,,,,,,,0.0,0.5,0.5,0.5,0.3333333333333333,
000180.jpg,1,180,0.9033203125,0.9033203125,1,0.1093359375,128.0,train,1.0,0.5428787469863892,1.0,0.9,0.9,,0.5051411390304565,0.4847787916660309,10.0,0.0132450331125827,0.2838981721574897,0.55839306,-0.1034681,1,-1,-1,1,1,1,-1,1,1,6.0,6,1.0,0.0,,,0.077603515625,95,,,,,,,,,0.0,0.5,0.5,0.5,0.3333333333333333,
000169.jpg,1,169,0.904296875,0.904296875,1,0.069140625,142.0,train,1.0,0.7090175151824951,1.0,1.0,1.0,,0.6875244379043579,0.6666067242622375,0.0,0.0385487528344671,0.4731540173630055,0.68672705,0.3509776,1,-1,-1,0,1,0,-1,1,1,4.0,6,0.6666666666666666,2.0,,,0.0766731770833333,96,,,,,,,,,0.0,0.5,0.5,0.5,0.3333333333333333,
000172.jpg,1,172,0.92626953125,0.92626953125,1,0.1047460937499999,130.0,train,1.0,0.8130378723144531,1.0,0.9,0.9,,0.783139705657959,0.7430018186569214,0.0,0.0385487528344671,0.3826375693420704,0.59339637,0.19423926,1,-1,-1,1,1,1,-1,1,1,6.0,6,1.0,0.0,,,0.0714072265624999,97,,,,,,,,,0.0,0.5,0.5,0.5,0.3333333333333333,
000120.jpg,1,120,0.9658203125,0.9658203125,1,0.0925502232142857,135.0,myval,1.0,0.5983883738517761,1.0,0.9,0.8571428571428571,1.0,0.5421868562698364,0.5124480128288269,15.0,0.047752808988764,0.3913895689369587,0.5728821,0.2670153,1,-1,-1,1,1,1,-1,1,1,6.0,6,1.0,0.0,,,0.0677999441964285,98,,,,,,,,,0.0,0.5,0.5,0.5,0.3333333333333333,
000116.jpg,1,116,0.94580078125,0.94580078125,1,0.06083984375,154.0,train,1.0,0.6949609518051147,1.0,1.0,1.0,1.0,0.6869217157363892,0.6650104522705078,15.0,0.047752808988764,0.3666088484646229,0.55152965,0.21486801,1,-1,-1,0,1,1,-1,1,0,4.0,6,0.6666666666666666,2.0,,,0.0654671223958333,99,,,,,,,,,0.0,0.5,0.5,0.5,0.3333333333333333,
000147.jpg,1,147,0.88623046875,0.88623046875,1,0.07275390625,141.0,train,1.0,0.6555677652359009,1.0,1.0,1.0,,0.6089622378349304,0.5861133933067322,8.0,0.0617647058823529,0.4962395109148586,0.77908736,0.221554,1,-1,-1,1,1,1,-1,1,1,6.0,6,1.0,0.0,,,0.0482177734375,100,,,,,,,,,0.0,0.5,0.5,0.5,0.3333333333333333,
000111.jpg,1,111,0.908203125,0.908203125,1,0.068359375,143.0,train,1.0,0.7448213696479797,1.0,1.0,1.0,,0.7343589067459106,0.7140984535217285,0.0,0.0385487528344671,0.410596022043639,0.6282918,0.22930309,1,-1,-1,1,1,1,-1,1,1,6.0,6,1.0,0.0,,,0.04228515625,101,,,,,,,,,0.0,0.5,0.5,0.5,0.3333333333333333,
000137.jpg,1,137,0.91796875,0.91796875,1,0.06640625,144.0,train,1.0,0.7419729828834534,1.0,1.0,1.0,,0.7033852934837341,0.6756368279457092,13.0,0.0148148148148148,0.310029761173107,0.54328954,0.03303013,1,-1,-1,1,1,1,-1,1,1,6.0,6,1.0,0.0,,,0.0396484374999999,102,,,,,,,,,0.0,0.5,0.5,0.5,0.3333333333333333,
000043.jpg,1,43,0.9208984375,0.9208984375,1,0.0658203125,145.0,train,1.0,0.7280593514442444,1.0,1.0,1.0,1.0,0.6493129730224609,0.6080194711685181,8.0,0.0617647058823529,0.4183582045050228,0.6478316,0.1987915,1,-1,-1,1,1,1,-1,1,1,6.0,6,1.0,0.0,,,0.038857421875,103,,,,,,,,,0.0,0.5,0.5,0.5,0.3333333333333333,
000012.jpg,1,12,0.92138671875,0.92138671875,1,0.06572265625,146.0,train,1.0,0.5509371757507324,1.0,1.0,1.0,,0.5330577492713928,0.5189956426620483,8.0,0.0617647058823529,0.3659605957480037,0.5032524,0.30727524,1,-1,-1,1,1,1,-1,1,1,6.0,6,1.0,0.0,,,0.0387255859375,104,,,,,,,,,0.0,0.5,0.5,0.5,0.3333333333333333,
000027.jpg,1,27,0.92333984375,0.92333984375,1,0.06533203125,148.0,train,1.0,0.8462317585945129,1.0,1.0,1.0,,0.8290306329727173,0.813921332359314,0.0,0.0385487528344671,0.4684745461086567,0.689469,0.3262274,1,-1,-1,1,1,1,-1,1,1,6.0,6,1.0,0.0,,,0.0381982421875,105,,,,,,,,,0.0,0.5,0.5,0.5,0.3333333333333333,
000181.jpg,1,181,0.927734375,0.927734375,1,0.064453125,149.0,train,1.0,0.7084452509880066,1.0,1.0,1.0,1.0,0.6810617446899414,0.6560112237930298,15.0,0.047752808988764,0.3597688280464558,0.5555933,0.17856775,1,-1,-1,1,1,1,-1,1,1,6.0,6,1.0,0.0,,,0.03701171875,106,,,,,,,,,0.0,0.5,0.5,0.5,0.3333333333333333,
000047.jpg,1,47,0.93310546875,0.93310546875,1,0.06337890625,150.0,train,1.0,0.821731686592102,1.0,1.0,1.0,,0.7789990901947021,0.7556887269020081,0.0,0.0385487528344671,0.4170152932743367,0.6257656,0.26053777,1,-1,-1,1,1,1,-1,1,1,6.0,6,1.0,0.0,,,0.0355615234375,107,,,,,,,,,0.0,0.5,0.5,0.5,0.3333333333333333,
000141.jpg,1,141,0.93359375,0.93359375,1,0.06328125,151.0,train,1.0,0.6759493350982666,1.0,1.0,1.0,1.0,0.6532132029533386,0.6389123797416687,0.0,0.0385487528344671,0.3668511599640187,0.543288,0.24133207,1,-1,-1,1,1,1,-1,1,1,6.0,6,1.0,0.0,,,0.0354296875,108,,,,,,,,,0.0,0.5,0.5,0.5,0.3333333333333333,
000081.jpg,1,81,0.9375,0.9375,1,0.0625,152.0,train,1.0,0.7882139086723328,1.0,1.0,1.0,,0.7786166667938232,0.7517077326774597,0.0,0.0385487528344671,0.4171210617164906,0.64745635,0.21324126,1,-1,-1,1,1,1,-1,1,1,6.0,6,1.0,0.0,,,0.034375,109,,,,,,,,,0.0,0.5,0.5,0.5,0.3333333333333333,
000168.jpg,1,168,0.9443359375,0.9443359375,1,0.0611328125,153.0,train,1.0,0.6111297607421875,1.0,1.0,1.0,,0.5941997766494751,0.5688711404800415,7.0,0.0295358649789029,0.3342716644584881,0.531711,0.14369386,1,-1,-1,1,1,1,-1,1,1,6.0,6,1.0,0.0,,,0.032529296875,110,,,,,,,,,0.0,0.5,0.5,0.5,0.3333333333333333,
000058.jpg,1,58,0.9501953125,0.9501953125,1,0.0599609375,155.0,train,1.0,0.6946515440940857,1.0,1.0,1.0,1.0,0.6689342856407166,0.6431925892829895,4.0,0.0346534653465346,0.4193064114244857,0.60176057,0.3256296,1,-1,-1,1,1,1,-1,1,1,6.0,6,1.0,0.0,,,0.0309472656249999,111,,,,,,,,,0.0,0.5,0.5,0.5,0.3333333333333333,
000001.jpg,1,1,0.951171875,0.951171875,1,0.059765625,156.0,train,1.0,0.6869521737098694,1.0,1.0,1.0,1.0,0.6142004728317261,0.5903760194778442,14.0,0.0745762711864406,0.3799321616908251,0.5866829,0.16936517,1,-1,-1,1,1,1,-1,1,1,6.0,6,1.0,0.0,,,0.0306835937499999,112,,,,,,,,,0.0,0.5,0.5,0.5,0.3333333333333333,
000166.jpg,1,166,0.951171875,0.951171875,1,0.059765625,157.0,train,1.0,0.7249369025230408,1.0,1.0,1.0,1.0,0.6893301606178284,0.6229684352874756,8.0,0.0617647058823529,0.4378247834654415,0.66761273,0.23313934,1,-1,-1,1,1,1,-1,1,1,6.0,6,1.0,0.0,,,0.0306835937499999,113,,,,,,,,,0.0,0.5,0.5,0.5,0.3333333333333333,
000134.jpg,1,134,0.953125,0.953125,1,0.059375,158.0,train,1.0,0.8093981146812439,1.0,1.0,1.0,,0.7423685789108276,0.7063390612602234,0.0,0.0385487528344671,0.3809457809070881,0.5721631,0.23418519,1,-1,-1,1,1,1,-1,1,1,6.0,6,1.0,0.0,,,0.03015625,114,,,,,,,,,0.0,0.5,0.5,0.5,0.3333333333333333,
000103.jpg,1,103,0.95654296875,0.95654296875,1,0.05869140625,159.0,train,1.0,0.9088078141212464,1.0,1.0,1.0,,0.8924001455307007,0.8820174932479858,0.0,0.0385487528344671,0.4782587081531819,0.6952331,0.35268292,1,-1,-1,1,1,1,-1,1,1,6.0,6,1.0,0.0,,,0.0292333984375,115,,,,,,,,,0.0,0.5,0.5,0.5,0.3333333333333333,
000093.jpg,1,93,0.96337890625,0.96337890625,1,0.05732421875,160.0,train,1.0,0.727562427520752,1.0,1.0,1.0,,0.6934205293655396,0.6686895489692688,13.0,0.0148148148148148,0.2660864156263846,0.4408966,0.082521245,1,-1,-1,1,1,1,-1,1,1,6.0,6,1.0,0.0,,,0.0273876953124999,116,,,,,,,,,0.0,0.5,0.5,0.5,0.3333333333333333,
000175.jpg,1,175,0.96728515625,0.96728515625,1,0.05654296875,161.0,train,1.0,0.6400404572486877,1.0,1.0,1.0,,0.6153737306594849,0.6034654378890991,8.0,0.0617647058823529,0.4735090710135067,0.78141314,0.12551564,1,-1,-1,1,1,1,-1,1,1,6.0,6,1.0,0.0,,,0.0263330078124999,117,,,,,,,,,0.0,0.5,0.5,0.5,0.3333333333333333,
000051.jpg,1,51,0.96875,0.96875,1,0.05625,162.0,train,1.0,0.6554160714149475,1.0,1.0,1.0,,0.6318081617355347,0.6022798418998718,15.0,0.047752808988764,0.38564329375042,0.55233955,0.28922385,1,-1,-1,1,1,1,-1,1,1,6.0,6,1.0,0.0,,,0.0259375,118,,,,,,,,,0.0,0.5,0.5,0.5,0.3333333333333333,
000060.jpg,1,60,0.96875,0.96875,1,0.05625,163.0,train,1.0,0.7029564380645752,1.0,1.0,1.0,1.0,0.6780934929847717,0.6480795741081238,0.0,0.0385487528344671,0.447605082426482,0.62351525,0.38784772,1,-1,-1,1,1,1,-1,1,1,6.0,6,1.0,0.0,,,0.0259375,119,,,,,,,,,0.0,0.5,0.5,0.5,0.3333333333333333,
000033.jpg,1,33,0.96923828125,0.96923828125,1,0.05615234375,164.0,train,1.0,0.6115475296974182,1.0,1.0,1.0,,0.5294207334518433,0.509423553943634,8.0,0.0617647058823529,0.3447393156500423,0.5602176,0.09706673,1,-1,-1,1,1,1,-1,1,1,6.0,6,1.0,0.0,,,0.0258056640625,120,,,,,,,,,0.0,0.5,0.5,0.5,0.3333333333333333,
000019.jpg,1,19,0.9697265625,0.9697265625,1,0.0560546875,165.0,train,1.0,0.7065637707710266,1.0,1.0,1.0,,0.6653188467025757,0.6498536467552185,13.0,0.0148148148148148,0.3694757383841055,0.6134007,0.11656946,1,-1,-1,1,1,1,-1,1,1,6.0,6,1.0,0.0,,,0.025673828125,121,,,,,,,,,0.0,0.5,0.5,0.5,0.3333333333333333,
000157.jpg,1,157,0.9697265625,0.9697265625,1,0.0560546875,166.0,train,1.0,0.4953254461288452,1.0,1.0,1.0,1.0,0.4605186879634857,0.4375783801078796,14.0,0.0745762711864406,0.4232743049880205,0.5631727,0.39445627,1,-1,-1,1,1,1,-1,1,1,6.0,6,1.0,0.0,,,0.025673828125,122,,,,,,,,,0.0,0.5,0.5,0.5,0.3333333333333333,
000102.jpg,1,102,0.97021484375,0.97021484375,1,0.05595703125,167.0,train,1.0,0.7103824615478516,1.0,1.0,1.0,,0.6921676397323608,0.6819025278091431,8.0,0.0617647058823529,0.4651900507422054,0.7316715,0.20167106,1,-1,-1,1,1,1,-1,1,1,6.0,6,1.0,0.0,,,0.0255419921874999,123,,,,,,,,,0.0,0.5,0.5,0.5,0.3333333333333333,
000055.jpg,1,55,0.9716796875,0.9716796875,1,0.0556640625,168.0,train,1.0,0.7352651953697205,1.0,1.0,1.0,1.0,0.7016148567199707,0.6739374399185181,8.0,0.0617647058823529,0.4298424698324764,0.65609765,0.2265433,1,-1,-1,1,1,1,-1,1,1,6.0,6,1.0,0.0,,,0.025146484375,124,,,,,,,,,0.0,0.5,0.5,0.5,0.3333333333333333,
000110.jpg,1,110,0.9736328125,0.9736328125,1,0.0552734375,170.0,train,1.0,0.7775515913963318,1.0,1.0,1.0,,0.738064169883728,0.7149734497070312,8.0,0.0617647058823529,0.4611676312895382,0.713878,0.22472715,1,-1,-1,1,1,1,-1,1,1,6.0,6,1.0,0.0,,,0.024619140625,125,,,,,,,,,0.0,0.5,0.5,0.5,0.3333333333333333,
000014.jpg,1,14,0.974609375,0.974609375,1,0.055078125,171.0,train,1.0,0.6625228524208069,1.0,1.0,1.0,,0.5521813035011292,0.5221843719482422,13.0,0.0148148148148148,0.3773622673529165,0.5128851,0.36924997,1,-1,-1,1,1,1,-1,1,1,6.0,6,1.0,0.0,,,0.0243554687499999,126,,,,,,,,,0.0,0.5,0.5,0.5,0.3333333333333333,
000057.jpg,1,57,0.9755859375,0.9755859375,1,0.0548828125,172.0,train,1.0,0.7968183159828186,1.0,1.0,1.0,1.0,0.731557309627533,0.6672816276550293,15.0,0.047752808988764,0.3703029655338673,0.516067,0.30766207,1,-1,-1,1,1,1,-1,1,1,6.0,6,1.0,0.0,,,0.0240917968749999,127,,,,,,,,,0.0,0.5,0.5,0.5,0.3333333333333333,
000009.jpg,1,9,0.9814453125,0.9814453125,1,0.0537109375,173.0,myval,1.0,0.5962880849838257,1.0,1.0,1.0,1.0,0.5636335015296936,0.5330688953399658,14.0,0.0745762711864406,0.4025394881983934,0.5943259,0.24297985,1,-1,-1,1,1,1,-1,1,1,6.0,6,1.0,0.0,,,0.022509765625,128,,,,,,,,,0.0,0.5,0.5,0.5,0.3333333333333333,
