id,label
000003.jpg,0
000004.jpg,1
000006.jpg,0
000007.jpg,1
000008.jpg,1
000009.jpg,1
000010.jpg,1
000013.jpg,0
000014.jpg,1
000015.jpg,0
000016.jpg,1
000017.jpg,1
000018.jpg,1
000019.jpg,1
000022.jpg,1
000024.jpg,0
000025.jpg,1
000026.jpg,1
000030.jpg,0
000031.jpg,1
000033.jpg,0
000034.jpg,0
000035.jpg,0
000037.jpg,1
000038.jpg,1
000039.jpg,1
000041.jpg,0
000042.jpg,0
000043.jpg,0
000044.jpg,1
000045.jpg,1
000046.jpg,1
000047.jpg,0
000051.jpg,0
000052.jpg,0
000053.jpg,0
000054.jpg,0
000055.jpg,1
000057.jpg,1
000058.jpg,1
000059.jpg,1
000060.jpg,0
000061.jpg,0
000062.jpg,0
000063.jpeg,0
000064.jpg,1
000065.jpg,0
000067.jpg,1
000068.jpg,0
000070.jpg,0
000072.jpg,1
000073.jpg,0
000075.jpg,1
000076.jpg,0
000077.jpg,1
000078.jpg,0
000079.jpg,0
000080.jpg,0
000081.jpg,1
000082.jpg,1
000083.jpg,0
000084.jpg,1
000085.jpg,1
000086.jpg,1
000087.jpg,0
000088.jpg,1
000089.jpg,1
000090.jpg,1
000091.jpg,0
000093.jpg,1
000094.jpg,0
000096.jpg,1
000097.jpg,1
000098.jpg,0
000100.jpg,1
000101.png,0
000102.jpg,1
000103.jpg,1
000104.jpg,0
000105.jpg,1
000109.jpg,1
000110.jpg,1
000111.jpg,1
000112.jpg,0
000113.jpg,0
000115.jpg,1
000117.jpg,1
000118.jpg,1
000121.jpg,0
000122.jpg,0
000123.jpg,0
000124.jpg,0
000126.jpg,0
000127.jpg,1
000128.jpg,1
000129.jpg,1
000131.jpg,0
000132.jpg,0
000133.jpg,0
000134.jpg,1
000137.jpg,1
000138.jpg,0
000140.jpg,1
000143.jpg,1
000144.jpg,0
000145.jpg,0
000146.jpg,1
000147.jpg,0
000148.jpg,0
000150.jpg,1
000152.jpg,0
000153.jpg,1
000154.jpg,0
000155.jpg,1
000156.jpg,1
000157.jpg,1
000158.jpg,0
000160.jpg,0
000161.jpg,0
000162.jpg,1
000163.jpg,0
000165.jpg,0
000166.jpg,1
000167.jpg,0
000168.jpg,1
000170.jpg,0
000171.jpg,1
000172.jpg,1
000173.jpg,0
000175.jpg,0
000176.jpg,1
000180.jpg,0
000181.jpg,1
000182.jpg,0
000183.jpg,0
000184.jpg,0
000185.jpg,1
000186.jpg,1
000187.jpg,1
000188.jpg,1
000190.jpg,0
000191.jpg,0
000192.jpg,1
000194.jpg,1
000195.jpg,0
000196.jpg,1
000197.jpg,0
000198.jpg,0
000199.jpg,1
000201.jpg,1
000203.jpg,0
000204.jpg,1
000205.jpg,0
000206.jpg,1
000207.jpg,0
000208.jpg,0
000210.jpeg,0
000211.jpg,0
000212.jpg,0
000214.jpg,1
000215.jpg,1
000217.jpg,1
000218.jpg,0
000219.jpg,1
000221.jpg,0
000223.jpg,1
000224.jpg,1
000225.jpg,1
000226.jpg,1
000228.jpg,0
000229.jpg,1
000230.jpg,0
000231.jpg,0
000232.jpg,1
000233.jpg,1
000234.jpg,0
000235.jpg,1
000236.jpg,1
000237.jpg,1
000238.jpg,0
000240.jpg,0
000241.jpg,1
000242.jpg,1
000243.jpg,1
000244.jpg,1
000248.jpg,0
000249.jpg,0
000250.jpg,1
000251.jpg,1
000253.jpg,1
000254.jpg,1
000255.jpg,1
000257.jpg,0
000258.jpg,0
000259.jpg,0
000260.jpg,1
000261.jpg,1
000262.jpg,1
000263.jpg,0
000265.jpg,1
000266.jpg,0
000268.jpg,0
000270.jpg,1
000272.jpg,1
000273.jpg,0
000274.jpg,0
000275.jpg,1
000278.jpg,1
000279.jpg,1
000281.jpg,1
000282.jpg,0
000283.jpg,0
000284.jpg,0
000285.jpg,1
000286.jpeg,0
000287.jpg,1
000289.jpg,0
000290.jpg,0
000291.jpg,0
000293.jpg,1
000294.jpg,1
000295.jpg,1
000297.jpg,1
000298.jpg,0
000299.jpg,0
000301.jpg,0
000302.jpg,0
000303.jpg,1
000304.jpg,0
000306.jpg,0
000307.jpg,1
000308.jpg,0
000310.jpg,1
000311.jpg,0
000312.jpg,1
000313.jpg,0
000314.jpg,0
000315.jpg,0
000316.jpg,0
000317.jpg,1
000318.jpg,0
000319.jpg,0
000320.jpg,0
000321.jpg,0
000322.jpg,1
000323.jpg,1
000324.jpg,1
000326.jpg,1
000327.jpg,0
000328.jpg,1
000329.jpg,1
000330.jpg,0
000331.jpg,0
000334.jpg,1
000336.jpg,0
000337.jpeg,0
000338.jpg,1
000339.jpg,0
000340.jpg,0
000341.jpg,1
000342.jpg,0
000343.jpg,0
000344.jpg,0
000346.jpg,0
000347.jpg,1
000348.jpg,0
000349.jpg,0
000350.jpg,1
000352.jpg,1
000353.jpg,1
000355.jpg,1
000356.jpg,0
000360.jpg,1
000361.jpg,1
000362.jpg,1
000363.jpg,1
000364.jpg,0
000365.jpg,1
000367.jpg,0
000368.jpg,0
000369.jpg,1
000370.jpg,0
000372.jpg,1
000373.jpg,1
000374.jpg,1
000375.jpg,1
000376.jpg,1
000377.jpg,0
000378.jpg,1
000379.jpg,1
000383.jpg,0
000384.jpg,1
000385.jpg,0
000386.jpg,0
000387.jpg,1
000388.jpg,1
000390.jpg,0
000391.jpg,1
000392.jpg,0
000393.jpg,0
000395.jpg,1
000397.jpg,1
000399.jpg,0
000400.jpg,0
000401.jpg,1
000402.jpg,1
000403.jpg,1
000404.jpg,0
000405.jpg,0
000406.jpg,1
000407.jpg,0
000408.jpg,1
000409.jpg,0
000410.jpg,1
000411.jpg,1
000412.jpg,1
000413.jpg,1
000414.jpg,1
000415.jpg,1
000416.jpg,1
000419.jpg,1
000420.jpg,0
000421.jpg,1
000422.jpeg,0
000424.jpg,0
000425.jpg,0
000426.jpg,0
000427.jpg,1
000428.jpg,0
000430.jpeg,0
000431.jpg,1
000432.jpg,1
000434.jpg,0
000435.jpg,0
000436.jpg,0
000438.jpg,0
000439.jpg,0
000441.jpg,0
000442.jpg,0
000443.jpg,0
000444.jpg,1
000445.jpg,0
000446.jpg,1
000447.jpg,0
000449.jpg,0
000450.jpg,1
000451.jpg,1
000452.jpg,1
000456.jpg,1
000458.jpg,0
000459.jpg,1
000460.jpg,0
000461.jpg,1
000462.jpg,1
000463.jpg,0
000464.jpg,1
000465.jpg,1
000467.jpg,1
000468.jpg,1
000469.jpg,0
000470.jpg,0
000471.jpg,1
000472.jpg,1
000473.jpg,0
000474.jpg,1
000475.jpg,1
000477.jpg,0
000479.jpg,0
000481.jpg,1
000482.jpg,1
000483.jpg,1
000484.jpg,1
000485.jpg,0
000486.jpg,0
000487.jpg,1
000488.jpg,0
000490.jpg,0
000491.jpg,0
000492.jpg,1
000493.jpg,1
000494.jpg,0
000495.jpg,1
000496.jpg,0
000497.jpg,0
000498.jpg,0
000499.jpg,1
000500.jpg,1
000505.jpg,1
000507.jpg,1
000510.jpg,0
000511.jpg,0
000513.jpg,1
000516.jpg,0
000519.jpg,1
000520.jpg,1
000521.jpg,1
000522.jpg,0
000524.jpg,0
000525.jpg,1
000527.jpg,0
000528.jpg,0
000529.jpg,1
000530.jpg,1
000531.jpg,0
000532.jpg,0
000533.jpg,1
000534.jpg,0
000536.jpg,0
000537.jpg,1
000538.jpg,1
000539.jpg,1
000540.jpg,1
000541.jpg,0
000542.jpg,1
000543.jpg,0
000545.jpg,0
000549.jpg,1
000550.jpg,1
000551.jpg,1
000552.jpg,1
000553.jpg,0
000554.jpg,1
000555.jpg,1
000556.jpg,0
000557.jpg,1
000559.jpg,0
000562.jpg,1
000563.jpg,1
000564.jpg,0
000565.jpg,1
000566.jpg,1
000567.jpg,0
000569.jpg,0
000570.jpg,0
000571.jpg,1
000572.jpg,0
000574.jpg,0
000575.jpg,1
000577.jpeg,0
000578.jpg,1
000581.jpg,1
000582.jpg,0
000584.jpg,1
000585.jpg,1
000586.jpg,0
000587.jpg,0
000590.jpg,0
000591.jpg,1
000592.jpg,0
000594.jpg,0
000595.jpg,0
000597.jpg,1
000598.jpg,1
000601.jpg,0
000602.jpg,1
000604.jpg,0
000605.jpg,1
000607.jpg,0
000609.jpg,0
000610.png,0
000612.jpg,1
000613.jpg,0
000616.jpg,1
000617.jpg,1
000618.jpg,1
000619.jpg,1
000621.jpg,1
000622.jpg,1
000623.jpg,1
000624.jpg,0
000626.jpg,1
000627.jpg,0
000628.jpg,1
000629.jpg,1
000630.jpg,1
000632.jpg,0
000633.jpg,0
000634.jpg,0
000635.jpg,1
000636.jpg,0
000637.jpg,1
000638.jpg,1
000639.jpg,1
000640.jpg,1
000641.jpg,1
000643.jpg,1
000644.jpg,0
000646.jpg,1
000647.jpg,1
000648.jpg,0
000649.jpg,0
000653.jpg,0
000654.jpg,1
000655.jpg,1
000656.jpg,0
000657.jpg,0
000658.jpg,1
000661.jpg,0
000663.jpg,0
000665.jpg,0
000666.jpg,1
000667.jpg,1
000670.jpg,0
000671.jpg,0
000672.jpg,0
000673.jpg,0
000674.jpg,0
000675.jpg,1
000676.jpg,0
000677.jpg,0
000678.jpg,1
000679.jpg,1
000680.jpg,1
000681.jpg,1
000682.jpg,1
000683.jpg,0
000684.jpg,0
000685.jpg,0
000686.jpg,1
000687.jpg,1
000688.jpg,0
000689.jpg,1
000690.jpg,1
000691.jpg,1
000693.jpg,1
000694.jpg,0
000695.jpg,1
000696.jpg,0
000698.jpg,1
000699.jpg,1
000700.jpg,0
000701.jpg,0
000702.jpg,1
000703.jpg,1
000704.jpg,1
000705.jpg,1
000707.jpg,1
000708.jpg,1
000709.jpg,1
000710.jpg,0
000711.jpg,1
000712.jpg,0
000715.jpg,0
000720.jpg,1
000722.jpg,0
000723.jpg,0
000724.jpg,1
000725.jpg,1
000726.jpg,1
000727.jpg,0
000728.jpg,0
000729.jpg,1
000730.jpg,1
000731.jpg,0
000732.jpg,1
000733.jpg,1
000734.jpg,1
000735.jpg,0
000736.jpg,1
000737.jpg,1
000738.jpg,0
000741.jpg,0
000742.jpg,1
000743.jpg,1
000744.jpg,1
000745.jpg,0
000746.jpg,1
000747.jpg,1
000748.jpg,0
000749.jpg,0
000750.jpg,0
000751.jpg,0
000752.jpg,0
000753.jpg,0
000754.jpg,1
000756.jpg,0
000757.jpg,1
000760.jpg,1
000761.jpg,0
000762.jpg,0
000763.jpg,0
000764.jpg,1
000766.jpg,0
000769.jpg,0
000770.jpg,1
000771.jpg,1
000773.jpg,1
000774.jpg,0
000775.jpg,0
000776.jpg,1
000779.jpg,0
000780.jpg,0
000781.jpg,1
000782.jpg,1
000783.jpg,0
000785.jpg,0
000786.png,1
000788.jpg,1
000789.jpg,1
000790.jpg,0
000791.jpg,1
000792.jpg,1
000794.jpg,1
000795.jpg,0
000796.jpg,1
000797.jpg,0
000798.jpg,1
000799.jpg,0
000800.jpg,0
000801.jpg,1
000802.jpg,1
000803.jpeg,0
000804.jpg,0
000805.jpg,1
000806.jpg,1
000807.jpg,1
000809.jpg,1
000810.jpg,1
000811.jpg,1
000813.jpg,0
000814.jpg,1
000815.jpg,0
000817.jpg,0
000818.jpg,0
000819.jpg,0
000821.jpg,0
000822.jpg,1
000825.jpg,0
000826.jpg,1
000828.jpg,0
000829.jpg,0
000830.jpg,1
000831.jpg,1
000832.jpg,1
000833.jpg,0
000834.jpg,1
000835.jpg,0
000836.jpg,0
000838.jpg,0
000839.jpg,0
000840.jpg,1
000841.jpg,0
000842.jpg,0
000843.jpg,1
000844.jpg,0
000845.jpg,1
000847.jpg,1
000848.jpg,1
000850.jpg,0
000851.jpg,0
000852.jpg,1
000853.jpg,0
000854.jpg,0
000856.jpg,0
000857.jpg,0
000858.jpg,0
000859.jpg,0
000860.jpg,1
000861.jpg,0
000862.jpg,0
000863.jpg,0
000864.jpg,0
000865.jpg,0
000866.jpg,1
000870.jpg,1
000871.jpg,1
000872.jpg,1
000873.jpg,0
000874.jpg,1
000875.jpg,0
000876.jpg,1
000877.jpg,1
000878.jpg,1
000879.jpg,1
000880.jpg,0
000881.jpg,1
000882.jpg,0
000883.jpg,0
000884.jpg,1
000885.jpg,0
000886.jpg,1
000888.jpg,0
000889.jpg,0
000890.jpg,1
000891.jpg,0
000892.jpg,1
000893.jpg,1
000894.jpg,0
000895.jpg,1
000896.jpg,0
000897.jpg,1
000898.jpg,0
000899.jpg,0
000900.jpg,1
000901.jpg,1
000902.jpg,1
000903.jpg,0
000904.jpg,0
000905.jpg,0
000907.jpg,0
000908.jpg,1
000909.jpg,0
000910.jpg,1
000911.jpg,0
000914.jpg,1
000915.jpg,1
000916.jpg,0
000917.jpg,1
000918.jpg,1
000919.jpg,0
000920.jpg,0
000922.jpg,0
000924.jpg,1
000926.jpg,1
000928.jpg,1
000930.jpg,0
000931.jpg,0
000933.jpg,0
000934.jpg,1
000935.jpg,0
000936.jpg,1
000938.jpg,1
000939.jpg,0
000940.jpg,1
000941.jpg,1
000942.jpg,1
000943.jpg,0
000944.jpg,0
000945.jpg,1
000946.jpg,0
000947.jpg,1
000948.jpg,1
000950.jpg,1
000951.jpg,1
000953.jpeg,0
000956.jpg,1
000957.jpg,1
000958.jpg,1
000959.jpg,0
000961.jpg,1
000962.jpg,1
000963.jpg,0
000964.jpg,1
000965.jpg,0
000966.jpg,1
000967.jpg,0
000968.jpeg,1
000970.jpg,0
000971.jpg,0
000973.jpg,0
000974.jpg,0
000975.jpg,0
000976.jpg,0
000977.jpg,1
000979.jpg,0
000980.jpg,1
000981.jpg,0
000982.jpg,0
000983.jpg,0
000984.jpg,1
000985.jpg,1
000986.jpg,1
000987.jpg,0
000989.jpeg,0
000990.jpg,1
000991.jpg,0
000992.jpg,0
000993.jpg,1
000994.jpg,1
000996.jpg,0
000999.jpg,1
001000.jpg,0
001001.jpg,1
001002.jpg,1
001003.jpg,0
001005.jpg,1
001007.jpg,1
001008.jpg,0
001009.jpg,0
001010.jpg,1
001011.jpg,0
001012.jpg,1
001013.jpg,1
001014.jpg,1
001015.jpg,1
001016.jpg,0
001018.jpg,0
001019.jpg,1
001020.jpg,1
001021.jpg,0
001022.jpg,1
001023.jpg,1
001025.jpg,0
001026.jpg,1
001027.jpg,1
001028.jpg,0
001030.jpg,1
001031.jpg,1
001032.jpg,1
001034.jpg,1
001035.jpg,1
001036.jpg,0
001037.jpg,1
001039.jpg,1
001040.jpg,0
001042.jpg,1
001043.jpg,0
001048.jpg,1
001049.jpg,1
001050.jpg,0
001051.jpg,0
001053.jpg,0
001054.jpg,1
001058.jpg,0
001060.jpg,1
001062.jpg,0
001063.jpg,0
001065.jpg,1
001066.jpg,0
001067.jpg,1
001068.jpg,1
001069.jpg,1
001072.jpg,1
001073.jpg,1
001074.jpg,1
001075.jpg,0
001077.jpg,1
001078.jpg,0
001079.jpg,0
001080.jpg,0
001081.jpg,1
001082.jpg,1
001083.jpg,1
001084.jpg,0
001085.jpg,1
001087.jpg,0
001090.jpg,1
001093.jpg,0
001094.jpg,1
001095.jpg,0
001096.jpg,1
001098.jpg,0
001099.jpg,1
001100.jpg,1
001103.jpg,0
001104.jpg,0
001105.jpg,1
001106.jpg,0
001107.jpg,0
001109.jpg,0
001110.jpg,0
001111.jpg,1
001112.jpg,0
001114.jpg,0
001116.jpg,1
001117.jpg,1
001118.jpg,0
001119.jpg,1
001122.jpg,1
001123.jpg,1
001125.jpg,1
001126.jpg,1
001127.jpg,1
001128.jpg,0
001130.jpg,0
001131.jpg,0
001132.jpg,1
001133.jpg,0
001134.jpg,1
001135.jpg,1
001136.jpg,1
001137.jpg,1
001138.jpg,1
001139.jpg,0
001140.jpg,1
001141.jpg,1
001142.jpg,0
001143.jpg,1
001144.jpg,1
001145.jpg,1
001146.jpg,1
001150.jpg,1
001151.jpg,1
001152.jpg,0
001153.jpg,0
001156.jpg,1
001157.jpg,1
001158.jpg,1
001159.jpg,0
001161.jpg,1
001162.jpg,0
001163.jpg,0
001164.jpg,0
001165.jpg,0
001166.jpg,1
001167.jpg,1
001168.jpg,1
001169.jpg,1
001170.jpg,0
001171.jpg,0
001172.jpg,1
001173.jpg,0
001175.jpg,0
001177.jpeg,0
001178.jpg,1
001179.jpg,0
001181.jpg,0
001182.jpg,0
001183.jpg,0
001186.jpg,1
001187.jpg,1
001188.jpg,1
001189.jpg,1
001190.jpg,0
001191.jpg,1
001193.jpg,1
001194.jpg,1
001195.jpg,1
001196.jpg,0
001198.jpg,0
001199.jpg,0
001202.jpg,1
001203.jpg,0
001204.jpg,1
001205.jpg,0
001207.jpg,1
001208.jpg,1
001209.jpg,0
001211.jpg,1
001212.jpg,0
001214.jpg,0
001216.jpg,1
001217.jpg,0
001219.jpg,0
001221.jpg,0
001222.jpg,1
001223.jpg,0
001224.jpg,0
001225.jpg,1
001226.jpg,1
001227.jpeg,0
001228.jpg,1
001229.jpg,0
001230.jpg,1
001231.jpg,1
001232.jpg,0
001233.jpg,0
001234.jpg,1
001237.jpg,1
001239.jpg,0
001240.jpg,1
001241.jpg,0
001245.jpg,0
001246.jpg,0
001247.jpg,0
001248.jpg,0
001250.jpg,1
001251.jpg,0
001252.jpg,1
001253.jpg,0
001254.jpg,0
001256.jpg,1
001258.jpg,0
001259.jpg,1
001261.jpg,0
001262.jpg,0
001263.jpg,0
001264.jpg,1
001265.jpg,0
001266.jpg,1
001267.jpg,1
001268.jpg,0
001269.jpg,0
001270.jpg,1
001271.jpg,1
001272.jpg,0
001273.jpg,1
001274.jpg,1
001275.jpg,1
001276.jpg,0
001277.jpg,1
001278.jpg,0
001279.jpg,1
001280.jpg,1
001282.jpg,0
001285.jpg,1
001287.jpg,1
001288.jpg,1
001289.jpg,0
001291.jpg,1
001292.jpg,1
001296.jpg,0
001298.jpg,0
001299.jpg,0
001300.jpg,1
001301.jpg,0
001303.jpg,0
001304.jpg,1
001305.jpg,0
001307.jpg,1
001308.jpg,0
001309.jpg,1
001310.jpg,0
001311.jpg,1
001312.jpg,1
001313.jpg,1
001314.jpg,1
001316.jpg,1
001318.jpeg,0
001319.jpg,0
001320.jpg,1
001321.jpg,0
001322.jpg,0
001323.jpg,1
001324.jpg,0
001325.jpg,1
001326.jpg,1
001327.jpg,0
001328.jpg,1
001329.jpg,0
001331.jpg,1
001332.jpg,0
001333.jpg,0
001335.jpg,0
001337.jpg,0
001338.jpg,1
001339.jpg,0
001340.jpg,1
001342.jpg,0
001343.jpg,1
001344.jpg,1
001345.jpg,0
001347.jpg,1
001348.jpg,1
001350.jpg,1
001351.jpg,1
001354.jpg,0
001356.jpg,0
001360.jpg,1
001362.jpg,1
001363.jpg,1
001364.jpg,1
001365.jpg,0
001366.jpg,1
001367.jpg,1
001368.jpg,0
001369.jpg,1
001371.jpg,1
001372.jpg,0
001373.jpg,1
001374.jpg,1
001375.jpg,0
001376.jpg,1
001377.jpg,1
001378.jpg,1
001379.jpg,1
001380.jpg,1
001381.jpg,0
001382.jpg,1
001384.jpg,1
001385.jpg,0
001386.jpg,0
001387.jpg,0
001388.jpg,1
001389.jpg,1
001391.jpg,1
001392.jpg,0
001393.jpg,0
001394.jpg,0
001396.jpg,1
001397.jpg,0
001398.jpg,0
001400.jpg,1
001401.jpg,0
001402.jpg,0
001403.jpg,1
001404.jpg,1
001405.jpg,1
001406.jpg,1
001407.jpg,0
001408.jpg,1
001409.jpg,1
001410.jpg,1
001411.jpg,1
001413.jpg,1
001414.jpg,1
001415.jpg,1
001416.jpg,1
001417.jpg,1
001419.jpg,1
001420.jpg,1
001421.jpg,0
001422.jpg,1
001423.jpg,1
001424.jpg,0
001425.jpg,1
001426.jpg,0
001428.jpg,0
001429.jpg,0
001430.jpg,1
001431.jpg,0
001432.jpg,1
001434.jpg,0
001435.jpg,1
001436.jpg,1
001437.jpg,1
001438.jpg,0
001439.jpg,1
001440.jpg,1
001441.jpg,1
001443.jpg,1
001444.jpg,1
001446.jpg,0
001447.jpg,1
001448.jpg,0
001451.jpg,1
001453.jpg,1
001455.jpg,1
001456.jpg,1
001457.jpg,1
001458.jpg,0
001459.jpg,0
001460.jpg,0
001461.jpg,1
001462.jpg,0
001464.jpg,0
001465.jpg,0
001467.jpg,1
001470.jpg,1
001471.jpg,1
001472.jpg,0
001473.jpg,0
001474.jpg,1
001477.jpg,1
001478.jpg,0
001479.jpg,0
001481.jpg,0
001482.jpg,0
001483.jpg,0
001484.jpg,1
001485.jpg,1
001486.jpg,0
001487.jpg,0
001488.jpg,0
001489.jpeg,0
001490.jpg,1
001491.jpg,1
001494.jpg,0
001495.jpg,1
001496.jpg,0
001497.jpg,1
001498.jpg,1
001500.jpg,0
001502.jpg,1
001503.jpg,0
001504.jpg,0
001505.jpg,1
001506.jpg,0
001507.jpg,1
001508.jpg,1
001511.jpg,1
001512.jpg,0
001513.jpg,0
001515.jpg,0
001516.jpg,0
001517.jpg,1
001518.jpg,0
001519.jpg,1
001521.jpg,0
001523.jpg,1
001524.jpg,1
001525.jpg,0
001526.jpg,1
001527.jpg,1
001528.jpg,0
001530.jpg,0
001531.jpg,1
001532.jpg,1
001533.jpg,1
001534.jpg,0
001536.jpg,0
001537.jpg,1
001538.jpg,1
001539.jpg,0
001540.jpg,1
001541.jpg,0
001542.jpg,0
001543.jpg,1
001544.jpg,0
001545.jpg,0
001546.jpg,1
001548.jpg,0
001549.jpg,1
001550.jpg,0
001551.jpg,1
001552.jpg,1
001555.jpg,0
001556.jpg,0
001557.jpg,1
001558.jpg,0
001559.jpg,0
001560.jpg,0
001562.jpg,1
001563.jpg,1
001565.jpg,1
001566.jpg,0
001568.jpg,0
001570.jpg,0
001571.jpeg,0
001573.jpg,1
001574.jpg,1
001575.jpg,1
001576.jpg,0
001579.jpg,0
001581.jpg,0
001582.jpg,1
001583.jpg,1
001584.jpg,1
001585.jpg,1
001586.jpg,1
001587.jpg,1
001588.jpg,1
001590.jpg,1
001591.jpg,1
001594.jpg,0
001595.jpg,1
001596.jpg,1
001597.jpg,1
001598.jpeg,0
001603.jpg,1
001604.jpg,0
001609.jpg,1
001611.jpg,0
001613.jpg,1
001614.jpg,1
001615.jpg,1
001616.jpg,1
001617.jpg,1
001618.jpg,1
001619.jpg,0
001621.jpg,0
001622.jpg,1
001623.jpg,1
001624.jpg,1
001626.jpg,1
001627.jpg,1
001628.jpg,1
001629.jpg,0
001630.jpg,1
001631.jpg,0
001632.jpg,1
001633.jpg,1
001635.jpg,1
001636.jpg,1
001637.jpg,0
001638.jpg,1
001641.jpg,0
001642.jpg,1
001643.jpg,1
001645.jpg,1
001646.jpg,0
001647.jpg,0
001648.jpg,1
001650.jpg,0
001651.jpg,0
001652.jpg,1
001653.jpg,0
001654.jpg,0
001655.jpeg,0
001656.jpg,0
001657.jpg,1
001659.jpg,0
001661.jpg,1
001663.jpg,1
001664.jpg,1
001667.jpg,0
001668.jpg,1
001669.jpg,1
001670.jpg,0
001671.jpg,1
001672.jpg,0
001673.jpg,0
001674.jpg,1
001675.jpg,1
001678.jpg,0
001679.jpg,0
001680.jpg,0
001681.jpg,1
001682.jpg,0
001683.jpg,0
001684.jpg,1
001685.jpg,1
001686.jpg,1
001687.jpg,0
001688.jpg,0
001689.jpg,1
001690.jpg,1
001691.jpg,1
001693.jpg,1
001696.jpg,1
001698.jpg,1
001700.jpg,1
001701.jpg,1
001702.jpg,0
001704.jpg,0
001705.jpg,1
001707.jpg,0
001710.jpg,1
001711.jpg,0
001712.jpg,0
001713.jpg,1
001714.jpg,0
001715.jpg,0
001717.jpg,1
001718.jpg,0
001720.jpg,1
001721.jpg,0
001722.jpg,1
001723.jpg,1
001725.jpg,0
001726.jpg,0
001727.jpg,0
001728.jpg,0
001729.jpg,1
001730.jpg,0
001731.jpg,1
001732.jpg,1
001734.jpg,1
001735.jpg,1
001737.jpg,1
001738.jpg,1
001740.jpg,1
001741.jpg,1
001742.jpg,1
001743.jpg,1
001746.jpg,1
001748.jpg,1
001749.jpg,1
001750.jpg,1
001751.jpg,1
001752.jpg,1
001753.jpg,1
001755.jpg,1
001756.jpg,1
001757.jpg,0
001760.jpg,0
001761.jpg,1
001764.jpg,1
001765.jpg,0
001767.jpg,1
001768.jpg,1
001769.jpg,1
001770.jpg,1
001771.jpg,1
001772.jpeg,0
001775.jpg,1
001776.jpg,0
001777.jpg,0
001778.jpg,1
001779.jpg,1
001781.jpg,0
001782.jpg,1
001783.jpg,1
001784.jpg,0
001785.jpg,0
001786.jpg,1
001787.jpg,1
001788.jpg,0
001789.jpg,1
001790.jpg,1
001791.jpg,0
001793.jpg,0
001794.jpg,1
001796.jpg,1
001797.jpg,0
001798.jpg,0
001799.jpg,0
001800.jpg,0
001802.jpg,0
001804.jpg,1
001805.jpg,0
001807.jpg,1
001808.jpg,1
001810.jpg,1
001811.jpg,0
001812.jpg,1
001815.jpg,0
001816.jpg,0
001817.jpg,0
001818.jpg,0
001819.jpg,0
001820.jpg,1
001822.jpg,1
001823.jpg,0
001824.jpg,1
001825.jpg,0
001826.jpg,0
001827.jpg,0
001828.jpg,0
001831.jpeg,0
001834.jpg,0
001835.jpg,0
001838.jpg,0
001839.jpg,1
001840.jpg,1
001843.jpg,1
001844.jpg,0
001845.jpg,1
001846.jpg,1
001847.jpg,0
001848.jpg,0
001849.jpg,0
001850.jpg,1
001851.jpg,1
001852.jpg,1
001853.jpg,1
001854.jpg,1
001857.jpg,1
001858.jpg,1
001859.jpg,1
001860.jpg,0
001861.jpg,1
001863.jpg,0
001867.jpg,0
001869.jpg,0
001870.jpg,1
001872.jpg,1
001873.jpg,1
001874.jpg,1
001876.jpg,0
001877.jpg,1
001878.jpg,0
001879.jpg,1
001881.jpg,0
001882.jpg,1
001884.jpg,1
001885.jpg,1
001887.jpg,0
001890.jpg,1
001891.jpg,1
001894.jpg,0
001896.jpg,0
001897.jpg,0
001898.jpg,0
001899.jpg,0
001900.jpg,1
001901.jpg,0
001902.jpg,0
001903.jpg,1
001905.jpg,0
001907.jpg,0
001909.jpg,0
001910.jpg,1
001911.jpg,1
001912.jpg,0
001913.jpg,1
001914.jpg,0
001915.png,0
001916.jpg,1
001917.jpg,0
001919.jpg,0
001920.jpg,1
001921.jpg,1
001922.jpg,0
001923.jpg,1
001924.jpg,1
001927.jpg,0
001928.jpg,0
001929.jpg,0
001931.jpg,1
001933.jpg,1
001934.jpg,0
001935.jpg,1
001936.jpg,0
001937.jpg,1
001939.jpg,0
001940.jpg,1
001941.jpg,1
001942.jpg,0
001946.jpg,0
001947.jpg,0
001948.jpg,0
001949.jpg,1
001951.jpg,0
001953.jpg,0
001954.jpg,1
001955.jpg,1
001956.jpg,1
001958.jpg,0
001959.jpg,1
001960.jpg,0
001962.jpg,1
001963.jpg,1
001965.jpg,1
001966.jpg,1
001968.jpg,1
001970.jpg,1
001971.jpg,1
001972.jpg,0
001973.jpg,0
001974.jpg,0
001975.jpg,1
001976.jpg,0
001977.jpg,1
001978.jpg,0
001980.jpg,1
001981.jpg,0
001983.jpg,1
001985.jpg,1
001989.jpg,1
001990.jpg,1
001991.jpg,1
001992.jpg,0
001993.jpg,1
001994.jpg,0
001995.jpg,1
001997.jpg,1
001998.jpg,1
001999.jpg,0
002000.jpeg,0
002001.jpg,0
002002.jpg,1
002003.jpg,0
002004.jpg,1
002005.jpg,1
002007.jpg,1
002008.jpg,1
002009.jpg,0
002010.jpg,0
002012.jpg,0
002014.jpg,1
002015.jpg,0
002016.jpg,0
002017.jpg,0
002019.jpg,0
002020.jpg,0
002021.jpg,0
002022.jpg,0
002025.jpg,1
002026.jpg,1
002027.jpg,1
002028.jpg,1
002029.jpg,0
002030.jpg,0
002031.jpg,1
002032.jpg,0
002033.jpg,0
002034.jpg,0
002036.jpg,1
002038.jpg,1
002039.jpg,0
002040.jpg,0
002041.jpg,0
002042.jpg,1
002043.jpg,1
002044.jpg,0
002046.jpg,0
002048.jpg,0
002050.jpg,0
002052.jpg,0
002053.jpg,0
002054.jpg,0
002055.jpg,0
002056.jpg,0
002057.jpg,0
002058.jpg,1
002059.jpg,0
002060.jpg,1
002061.jpg,1
002064.jpg,1
002065.jpg,1
002066.jpg,1
002067.jpg,1
002068.jpg,1
002069.jpg,0
002072.jpg,1
002073.jpg,0
002074.jpg,1
002075.jpg,0
002076.jpg,1
002077.jpg,0
002078.jpg,0
002079.jpg,0
002081.jpg,0
002082.jpg,1
002083.jpg,1
002084.jpg,0
002085.jpg,1
002086.jpg,0
002088.jpg,0
002091.jpg,1
002093.jpg,0
002096.jpg,1
002097.jpg,1
002098.jpg,0
002099.jpg,0
002100.jpg,0
002102.jpg,0
002104.jpg,1
002105.jpg,0
002107.jpg,1
002109.jpg,1
002110.jpg,0
002112.jpg,0
002114.jpg,0
002115.jpg,0
002118.jpg,1
002120.jpg,0
002121.jpg,1
002122.jpg,1
002123.jpg,1
002124.jpg,1
002125.jpg,1
002127.jpg,1
002128.jpg,1
002129.jpg,1
002130.jpg,0
002131.jpg,0
002132.jpg,0
002134.jpg,1
002135.jpg,1
002136.jpg,0
002137.jpg,1
002138.jpg,1
002139.jpg,1
002140.jpg,0
002141.jpg,0
002142.jpg,0
002143.jpg,1
002144.jpg,0
002145.jpg,1
002147.jpg,1
002148.jpg,1
002151.jpg,0
002152.jpg,1
002154.jpg,0
002155.jpg,1
002156.jpg,1
002157.jpg,1
002158.jpg,1
002160.jpg,0
002162.jpg,0
002163.jpg,0
002164.jpg,0
002165.jpg,0
002166.jpg,0
002167.jpg,0
002168.jpg,0
002169.jpg,1
002170.jpg,0
002171.jpg,0
002172.jpg,0
002173.jpg,0
002174.jpg,0
002175.jpg,0
002176.jpg,1
002178.jpg,0
002179.jpg,1
002180.jpg,1
002181.jpg,1
002182.jpg,0
002183.jpg,0
002184.jpg,0
002186.jpg,1
002187.jpg,1
002189.jpg,1
002190.jpg,0
002191.jpg,1
002192.jpg,0
002194.jpg,1
002195.jpg,1
002197.jpg,0
002198.jpg,1
002201.jpg,0
002202.jpg,0
002204.jpg,0
002205.jpg,1
002206.jpg,1
002207.jpg,1
002208.jpg,1
002209.jpg,1
002211.jpg,0
002212.jpg,1
002213.jpg,0
002214.jpg,1
002215.jpg,0
002216.jpg,1
002218.jpg,0
002219.jpg,1
002220.jpeg,0
002221.jpg,1
002222.jpg,1
002223.jpg,0
002224.jpg,0
002225.jpg,1
002227.jpg,0
002228.jpg,0
002229.jpg,1
002230.jpg,1
002231.jpg,0
002233.jpg,0
002235.jpg,1
002236.jpg,1
002237.jpg,1
002240.jpg,1
002241.jpg,1
002242.jpg,1
002243.jpg,1
002246.jpg,0
002247.jpg,0
002248.jpg,1
002250.jpg,1
002251.jpg,0
002252.jpg,1
002253.jpg,1
002254.jpg,0
002255.jpg,1
002256.jpg,0
002257.jpg,0
002258.jpg,0
002259.jpg,1
002261.jpg,1
002263.jpg,1
002264.jpg,0
002266.jpg,0
002267.jpg,1
002268.jpg,0
002269.jpg,0
002270.jpg,0
002271.jpg,1
002273.jpg,1
002274.jpg,0
002276.jpg,0
002277.jpg,1
002280.jpg,0
002281.jpg,0
002282.jpg,1
002283.jpg,1
002284.jpg,1
002285.jpg,1
002286.jpg,1
002288.jpg,1
002289.jpg,0
002290.jpg,0
002291.jpg,0
002293.jpg,1
002295.jpg,1
002296.jpg,0
002297.jpg,1
002299.jpg,0
002301.jpg,1
002302.jpg,1
002303.jpg,0
002305.jpg,0
002306.jpg,1
002307.jpg,0
002309.jpg,0
002311.jpg,1
002312.jpg,1
002313.jpg,1
002314.jpg,1
002315.jpg,1
002316.jpg,1
002317.jpg,0
002318.jpg,0
002320.jpg,0
002322.jpg,0
002323.jpg,1
002324.jpg,1
002325.jpg,0
002326.jpg,1
002327.jpg,1
002328.jpg,0
002329.jpg,0
002330.jpg,1
002331.jpg,0
002332.jpg,1
002333.jpg,1
002334.jpg,1
002335.jpg,1
002336.jpg,1
002339.jpg,1
002342.jpg,1
002343.jpg,0
002345.jpg,1
002346.jpg,0
002348.jpg,1
002349.jpg,1
002351.jpg,0
002352.jpg,1
002353.jpg,1
002354.jpg,1
002355.jpg,0
002356.jpeg,0
002358.jpg,1
002359.jpg,0
002360.jpg,1
002364.jpg,1
002367.jpg,1
002368.jpg,1
002369.jpg,0
002370.jpg,1
002371.jpg,1
002372.jpg,1
002373.jpg,0
002374.jpg,0
002375.jpg,0
002376.jpg,0
002377.jpg,1
002379.jpg,1
002380.jpg,1
002382.jpg,1
002386.jpg,1
002387.jpg,1
002388.jpg,1
002390.jpg,1
002391.jpg,1
002392.jpg,0
002394.jpg,1
002396.jpg,0
002399.jpg,0
002400.jpg,0
002401.jpg,1
002402.jpg,0
002403.jpg,1
002404.jpg,1
002405.jpg,0
002406.jpg,0
002407.jpg,0
002408.jpg,1
002410.jpg,0
002411.jpg,1
002412.jpg,0
002413.jpg,1
002414.jpg,1
002416.jpg,0
002417.jpg,1
002419.jpg,1
002420.jpg,1
002421.jpg,0
002422.jpg,0
002423.jpg,1
002425.jpg,1
002427.jpg,0
002429.jpg,0
002430.jpg,0
002431.jpg,0
002432.jpg,0
002433.jpg,0
002434.jpg,0
002435.jpg,0
002436.jpg,1
002437.jpg,0
002441.jpg,0
002442.jpg,1
002443.jpg,1
002444.jpg,1
002445.jpg,0
002447.jpg,0
002448.jpg,0
002449.jpg,0
002451.jpg,1
002452.jpg,1
002453.jpg,0
002455.jpg,0
002456.jpg,0
002457.jpg,1
002458.jpg,1
002460.jpg,0
002461.jpg,0
002462.jpg,1
002463.jpg,1
002465.jpg,1
002466.jpg,1
002471.jpg,0
002472.jpg,1
002473.jpg,1
002474.jpg,1
002475.jpg,0
002476.jpg,0
002477.jpg,0
002478.jpg,0
002480.jpg,1
002481.jpg,1
002482.jpg,0
002484.jpg,1
002485.jpg,0
002486.jpg,1
002488.jpg,0
002489.jpg,1
002490.jpg,0
002491.jpg,0
002493.jpg,0
002494.jpg,1
002495.jpg,1
002496.jpg,0
002497.jpg,1
002500.jpg,1
002501.jpg,0
002503.jpg,1
002504.jpg,0
002505.jpg,1
002508.jpg,0
002509.jpg,0
002510.jpg,1
002511.jpg,0
002512.jpg,1
002513.jpg,1
002514.jpg,1
002515.jpg,1
002516.jpg,1
002517.jpg,1
002518.jpg,1
002519.jpg,0
002522.jpg,1
002523.jpg,1
002524.jpg,0
002526.jpg,0
002527.jpg,0
002528.jpg,1
002529.jpg,0
002530.jpg,1
002531.jpg,0
002532.jpg,0
002533.jpg,0
002534.jpg,1
002535.jpg,0
002536.jpg,0
002538.jpg,0
002539.jpg,1
002540.jpg,0
002542.jpg,0
002543.jpg,1
002544.jpg,1
002545.jpg,1
002546.jpg,1
002547.jpg,1
002548.jpg,0
002549.jpg,1
002550.jpg,0
002551.jpg,0
002556.jpg,1
002558.jpg,0
002559.jpg,1
002562.jpg,0
002563.jpg,1
002564.jpg,0
002565.jpg,1
002566.jpg,0
002567.jpg,1
002569.jpg,1
002570.jpg,0
002571.jpg,1
002572.jpg,0
002573.jpg,1
002574.jpg,1
002575.jpg,0
002576.jpg,1
002577.jpg,0
002578.jpg,0
002579.jpg,1
002580.jpg,1
002581.jpg,0
002582.jpg,1
002584.jpg,0
002585.jpg,0
002586.jpg,1
002587.jpg,1
002590.jpg,1
002592.jpeg,0
002593.jpg,1
002595.jpg,0
002596.jpg,1
002597.jpg,1
002598.jpg,1
002599.jpg,0
002600.jpg,1
002601.jpg,0
002603.jpg,1
002604.jpg,1
002605.jpg,0
002607.jpg,0
002608.jpg,1
002611.jpg,1
002612.jpg,1
002613.jpg,1
002614.jpg,0
002616.jpg,1
002618.jpg,0
002619.jpg,1
002621.jpg,0
002623.jpg,0
002624.jpg,1
002625.jpg,1
002628.jpg,1
002630.jpg,1
002631.jpg,1
002632.jpg,1
002633.jpg,1
002634.jpg,1
002635.jpg,1
002636.jpg,1
002638.jpg,1
002639.jpg,1
002642.jpg,0
002645.jpg,0
002646.jpg,1
002647.jpg,0
002648.jpg,1
002649.jpg,0
002651.jpg,0
002652.jpg,1
002653.jpg,1
002654.jpg,0
002655.jpg,0
002657.jpg,1
002658.jpg,1
002659.jpg,0
002660.jpg,1
002661.jpg,0
002663.jpg,0
002664.jpg,0
002666.jpg,1
002667.jpg,0
002668.jpeg,1
002669.jpg,1
002670.jpg,1
002671.jpg,1
002672.jpg,1
002673.jpg,0
002675.jpg,0
002677.jpg,1
002678.jpg,1
002679.jpg,1
002680.jpg,0
002681.jpg,1
002682.jpg,0
002683.jpg,0
002684.jpg,0
002685.jpg,0
002686.jpg,1
002687.jpg,1
002688.jpg,0
002691.jpg,0
002692.jpg,0
002693.jpg,1
002694.jpg,1
002695.jpg,1
002696.jpg,1
002697.jpg,0
002698.jpg,0
002701.jpg,1
002702.jpg,0
002703.jpg,0
002704.jpg,0
002706.jpg,0
002707.jpg,0
002708.jpg,1
002709.jpg,1
002710.jpg,1
002711.jpg,0
002712.jpg,1
002713.jpg,1
002714.jpg,0
002715.jpg,0
002721.jpg,1
002722.jpg,0
002723.jpg,0
002724.jpg,0
002725.jpg,0
002726.jpg,1
002728.jpg,1
002729.jpg,0
002730.jpg,1
002731.jpg,1
002733.jpg,1
002734.jpg,1
002735.jpg,1
002736.jpg,1
002737.jpg,0
002738.jpg,0
002740.jpg,0
002741.jpg,1
002742.jpg,1
002744.jpg,1
002746.jpg,1
002748.jpg,0
002750.jpg,1
002751.jpg,0
002752.jpg,0
002753.jpg,1
002755.jpg,0
002757.jpg,1
002758.jpg,0
002759.jpg,0
002760.jpg,1
002761.jpg,1
002762.jpg,1
002763.jpg,1
002764.jpg,0
002766.jpg,1
002768.jpg,0
002769.jpg,1
002770.jpeg,0
002771.jpg,0
002772.jpg,0
002773.jpg,0
002775.jpg,1
002776.jpg,1
002777.jpg,1
002779.jpg,1
002780.jpg,1
002781.jpg,0
002782.jpg,0
002783.jpg,0
002784.jpg,1
002785.jpg,1
002787.jpg,0
002788.jpg,1
002789.jpg,1
002790.jpg,1
002792.jpg,0
002793.jpg,1
002794.jpg,0
002795.jpg,1
002796.jpg,0
002797.jpg,1
002798.jpeg,0
002799.jpg,1
002800.jpg,1
002801.jpg,0
002802.jpg,0
002803.jpg,1
002804.jpg,1
002805.jpg,1
002807.jpg,1
002808.jpg,0
002809.jpg,0
002810.jpg,0
002811.jpg,1
002813.jpg,0
002814.jpg,1
002815.jpg,0
002817.jpg,0
002818.jpg,1
002820.jpg,0
002821.jpg,1
002822.jpg,0
002823.jpg,0
002825.jpg,1
002826.jpg,1
002827.jpg,0
002828.jpg,0
002829.jpg,1
002831.jpg,0
002832.jpg,1
002833.jpg,0
002836.jpg,1
002837.jpg,0
002840.jpg,1
002842.jpg,0
002843.jpg,0
002847.jpg,0
002848.jpg,0
002850.jpg,1
002851.jpg,0
002852.jpg,1
002854.jpg,1
002856.jpg,0
002857.jpg,0
002858.jpg,1
002860.jpg,0
002862.jpg,1
002863.jpg,0
002864.jpg,0
002868.jpg,0
002869.jpg,0
002870.jpg,1
002871.jpg,0
002873.jpg,1
002874.jpg,1
002875.jpg,0
002876.jpg,0
002877.jpg,1
002878.jpg,1
002880.jpg,1
002882.jpg,1
002884.jpg,1
002885.jpg,0
002886.jpg,1
002887.jpg,0
002888.jpg,1
002890.jpg,1
002891.jpg,1
002892.jpg,1
002893.jpg,1
002895.jpg,0
002896.jpg,1
002898.jpg,1
002901.jpg,1
002903.jpg,0
002904.jpg,0
002905.jpg,0
002906.jpg,0
002907.jpg,1
002908.jpg,0
002909.jpg,0
002910.jpg,1
002911.jpg,0
002912.jpeg,0
002913.jpg,1
002914.jpg,1
002915.jpg,1
002916.jpg,1
002917.jpg,0
002918.jpg,0
002919.jpg,1
002920.jpg,1
002922.jpg,0
002923.jpg,0
002924.jpg,1
002925.jpg,0
002927.jpg,1
002929.jpg,0
002930.jpg,0
002931.jpg,0
002933.jpg,0
002934.jpg,1
002937.jpg,1
002938.jpg,1
002940.jpg,1
002941.jpg,0
002942.jpg,1
002943.jpg,0
002944.jpg,0
002945.jpg,0
002946.jpg,0
002947.jpg,0
002948.jpg,1
002950.jpg,1
002951.jpg,1
002952.jpg,0
002953.jpg,1
002954.jpg,1
002955.jpg,0
002956.jpg,1
002958.jpg,0
002959.jpg,1
002961.jpg,1
002962.jpg,1
002964.jpg,1
002965.jpg,0
002967.jpg,0
002968.jpg,0
002969.jpg,0
002971.jpg,1
002974.jpg,1
002975.jpg,0
002976.jpg,0
002977.jpg,1
002979.jpg,1
002981.jpg,1
002982.jpg,0
002984.jpg,1
002986.jpg,0
002988.jpg,0
002990.jpg,1
002991.jpg,0
002992.jpg,1
002993.jpg,1
002994.jpg,1
002996.jpg,0
002998.jpg,1
003000.jpg,0
003001.jpg,1
003002.jpg,1
003003.jpg,1
003005.jpg,1
003007.jpg,0
003008.jpg,1
003010.jpg,1
003011.jpg,1
003012.jpg,0
003013.jpg,1
003014.jpg,1
003015.jpg,1
003017.jpg,1
003018.jpg,0
003019.jpg,0
003021.jpg,0
003022.jpg,0
003023.jpg,1
003024.jpg,0
003025.jpg,0
003026.jpg,0
003027.jpg,0
003028.jpg,0
003030.jpg,1
003031.jpg,1
003032.jpg,1
003033.jpg,0
003034.jpg,1
003035.jpg,0
003036.jpg,1
003037.jpg,0
003038.jpg,1
003039.jpg,1
003040.jpg,0
003041.jpg,0
003043.jpg,1
003044.jpg,0
003046.jpg,0
003047.jpg,1
003048.jpg,1
003049.jpg,0
003050.jpg,0
003051.jpg,0
003052.jpg,1
003053.jpg,0
003055.jpg,1
003056.jpg,1
003057.jpg,1
003060.jpg,1
003061.jpg,1
003064.jpg,0
003065.jpg,0
003066.jpg,0
003067.jpg,0
003068.jpg,1
003069.jpg,1
003070.jpg,0
003071.jpg,0
003072.jpg,1
003074.jpg,1
003075.jpg,0
003076.jpg,1
003077.jpg,1
003078.jpg,1
003080.jpg,1
003082.jpg,1
003084.jpg,1
003085.jpg,0
003088.jpg,0
003089.jpg,1
003090.jpg,1
003091.jpg,1
003093.jpg,1
003095.jpg,0
003097.jpg,1
003098.jpg,0
003099.jpg,0
003100.jpg,1
003102.jpg,1
003103.jpg,0
003104.jpg,1
003105.jpg,1
003106.jpg,0
003107.jpg,1
003109.jpg,0
003111.jpg,0
003113.jpg,1
003114.jpg,1
003115.jpg,1
003116.jpg,0
003119.jpg,1
003121.jpg,1
003122.jpg,0
003124.jpg,0
003125.jpg,0
003127.jpg,0
003129.jpg,0
003130.jpg,1
003131.jpg,1
003135.jpg,1
003136.jpg,1
003138.jpg,0
003142.jpg,1
003144.jpg,0
003146.jpg,1
003147.jpg,1
003149.jpg,0
003150.jpg,1
003153.jpg,1
003155.jpg,1
003156.jpg,0
003157.jpg,0
003158.jpg,0
003159.jpg,0
003161.jpg,1
003163.jpg,0
003166.jpg,0
003168.jpg,0
003169.jpg,1
003171.jpg,0
003172.jpg,1
003173.jpg,0
003174.jpg,0
003175.jpg,0
003178.jpg,0
003179.jpg,1
003180.jpg,0
003181.jpg,1
003182.jpg,1
003185.jpg,1
003186.jpg,1
003191.jpg,0
003192.jpg,1
003193.jpg,1
003194.jpg,0
003195.jpg,1
003196.jpg,0
003197.jpg,1
003198.jpg,1
003199.jpg,1
003200.jpg,1
003201.jpg,0
003203.jpg,0
003205.jpg,1
003206.jpg,1
003207.jpg,0
003208.jpg,1
003209.jpg,1
003210.jpg,1
003211.jpg,1
003212.jpg,1
003214.jpg,1
003215.jpg,0
003216.jpg,1
003217.jpg,0
003218.jpg,0
003220.jpg,1
003221.jpg,1
003223.jpg,1
003224.jpg,0
003226.jpg,1
003228.jpg,0
003229.jpg,0
003230.jpg,0
003231.jpg,0
003232.jpg,0
003233.jpg,1
003235.jpg,1
003236.jpg,0
003237.jpeg,0
003238.jpg,1
003239.jpg,1
003240.jpg,0
003241.jpg,1
003242.jpg,1
003243.jpg,0
003244.jpg,1
003245.jpg,1
003246.jpg,0
003249.jpg,0
003250.jpg,1
003251.jpg,1
003252.jpg,1
003253.jpg,0
003254.jpg,1
003255.jpg,1
003257.jpg,0
003261.jpg,0
003262.jpg,0
003264.jpg,1
003265.jpg,0
003266.jpg,1
003268.jpg,1
003269.jpg,1
003270.jpg,1
003271.jpg,1
003272.jpg,1
003273.jpg,0
003274.jpg,1
003275.jpg,0
003277.jpg,0
003278.jpg,1
003279.jpg,1
003280.jpg,0
003281.jpg,1
003282.jpg,1
003283.jpg,1
003284.jpg,1
003285.jpg,0
003286.jpg,1
003287.jpg,0
003288.jpg,0
003289.jpg,1
003290.jpg,1
003291.jpg,0
003292.jpg,1
003293.jpg,0
003294.jpg,1
003295.jpg,1
003296.jpg,0
003297.jpg,1
003298.jpg,1
003299.jpg,1
003300.jpg,1
003301.jpg,0
003302.jpg,0
003304.jpg,1
003307.jpg,1
003308.jpg,0
003310.jpg,1
003312.jpg,1
003314.jpg,1
003315.jpg,0
003317.jpg,1
003318.jpg,1
003319.jpeg,0
003320.jpg,1
003321.jpg,1
003322.jpg,0
003325.jpg,1
003327.jpg,0
003328.jpg,1
003332.jpg,1
003333.jpg,0
003335.jpg,1
003336.jpg,1
003338.jpg,0
003339.jpg,1
003341.jpg,1
003342.jpg,1
003343.jpg,0
003344.jpg,1
003345.jpg,1
003346.jpg,1
003347.jpg,1
003348.jpg,0
003349.jpg,0
003351.jpg,1
003352.jpg,1
003353.jpg,1
003356.jpg,1
003357.jpg,1
003358.jpg,1
003359.jpg,1
003360.jpg,0
003361.jpg,0
003362.jpg,1
003363.jpg,0
003364.jpeg,0
003365.jpg,0
003366.jpg,0
003367.jpg,1
003368.jpg,1
003370.jpg,0
003371.jpg,0
003372.jpg,0
003373.jpg,1
003374.jpg,0
003376.jpg,1
003378.jpg,0
003379.jpg,1
003380.jpg,1
003382.jpg,1
003383.jpg,1
003384.jpg,1
003386.jpg,1
003387.jpg,0
003388.jpg,0
003391.jpg,0
003392.jpg,0
003393.jpg,1
003394.jpg,0
003395.jpg,1
003396.jpg,1
003397.jpeg,0
003399.jpeg,0
003402.jpg,1
003403.jpg,1
003404.jpg,0
003405.jpg,1
003406.jpg,0
003407.jpg,1
003409.jpg,0
003410.jpg,0
003412.jpg,0
003413.jpg,0
003415.jpg,0
003416.jpg,0
003419.jpg,1
003421.jpg,0
003423.jpg,1
003425.jpg,0
003426.jpg,0
003428.jpg,0
003430.jpg,1
003431.jpg,1
003432.jpg,1
003436.jpg,1
003437.jpg,0
003438.jpg,0
003439.jpg,1
003440.jpg,0
003441.jpg,0
003443.jpg,1
003444.jpg,0
003445.jpg,0
003447.jpg,0
003448.jpg,1
003449.jpg,0
003454.jpg,0
003457.jpg,1
003458.jpg,1
003459.jpg,1
003461.jpg,1
003462.jpg,1
003463.jpg,1
003464.jpg,0
003465.jpg,1
003466.jpg,1
003468.jpg,1
003469.jpg,0
003470.jpg,0
003471.jpg,1
003472.jpg,1
003473.jpg,0
003474.jpg,1
003475.jpg,1
003479.jpg,1
003480.jpg,0
003481.jpg,0
003482.jpg,0
003483.jpg,0
003484.jpg,0
003485.jpg,1
003486.jpg,1
003487.jpg,1
003488.jpg,1
003489.jpg,1
003490.jpg,1
003491.jpg,0
003493.jpg,1
003496.jpg,1
003497.jpg,0
003498.jpg,1
003499.jpg,0
003500.jpg,0
003501.jpg,0
003502.jpg,1
003503.jpg,0
003504.jpg,1
003505.jpg,1
003506.jpg,1
003508.jpg,1
003509.jpg,0
003510.jpg,0
003511.jpg,0
003515.jpg,0
003516.jpg,1
003517.jpg,0
003518.jpg,0
003519.jpg,1
003520.jpg,1
003521.jpg,1
003522.jpeg,0
003524.jpg,1
003525.jpg,0
003526.jpg,0
003527.jpg,0
003528.jpg,0
003532.jpg,1
003533.jpg,1
003534.jpg,0
003535.jpg,0
003536.jpg,0
003538.jpg,1
003539.jpg,1
003540.jpg,0
003541.jpg,0
003544.jpg,0
003546.jpg,1
003547.jpg,0
003548.jpg,1
003550.jpg,1
003551.jpg,1
003552.jpg,1
003555.jpg,1
003556.jpg,1
003560.jpg,1
003561.jpg,1
003562.jpg,1
003563.jpg,0
003564.jpg,1
003566.jpg,1
003567.jpg,0
003568.jpg,0
003570.jpg,1
003571.jpg,1
003573.jpg,0
003574.jpg,1
003576.jpg,0
003577.jpg,1
003579.jpg,0
003580.jpg,0
003582.jpg,1
003583.jpg,0
003584.jpg,1
003585.jpg,1
003587.jpg,1
003588.jpg,0
003589.jpg,0
003590.jpg,0
003591.jpg,0
003592.jpg,0
003593.jpg,0
003594.jpg,1
003595.jpg,0
003596.jpg,1
003598.jpg,0
003600.jpg,1
003602.jpg,1
003603.jpg,0
003606.jpg,1
003607.jpg,1
003609.jpg,1
003610.jpg,1
003612.jpg,0
003613.jpg,0
003614.jpg,1
003615.jpg,1
003616.jpg,1
003618.jpg,1
003619.jpg,0
003620.jpg,0
003622.jpg,0
003623.jpg,1
003624.jpg,0
003625.jpg,0
003626.jpg,0
003627.jpg,1
003628.jpg,1
003629.jpg,1
003632.jpg,1
003634.jpg,0
003635.jpg,0
003636.jpg,1
003637.jpg,0
003638.jpg,0
003639.jpg,1
003640.jpg,0
003641.jpg,0
003642.jpg,0
003643.jpg,0
003644.jpg,1
003645.jpg,1
003647.jpg,0
003649.jpg,0
003650.jpg,0
003651.jpg,1
003652.jpg,1
003653.jpg,1
003654.jpg,1
003655.jpg,0
003658.jpg,1
003659.jpg,1
003660.jpg,1
003661.jpg,1
003662.jpg,1
003666.jpg,1
003667.jpg,0
003668.jpg,0
003669.jpg,0
003672.jpg,0
003673.jpg,1
003674.jpg,1
003675.jpg,1
003676.jpg,1
003678.jpg,0
003679.jpg,0
003680.jpg,1
003682.jpg,1
003683.jpg,0
003684.jpg,0
003685.jpg,0
003686.jpg,1
003687.jpg,0
003688.jpg,1
003689.jpg,0
003690.jpg,1
003691.jpg,1
003692.jpg,1
003694.jpg,1
003695.jpg,1
003697.jpg,0
003698.jpg,0
003699.jpg,1
003700.jpg,1
003701.jpg,0
003702.jpg,1
003704.jpg,0
003706.jpg,1
003707.jpg,1
003708.jpg,1
003710.jpg,1
003711.jpg,1
003712.jpg,0
003714.jpg,0
003715.jpg,0
003716.jpg,1
003717.jpg,0
003718.jpg,0
003719.jpg,0
003721.jpg,0
003722.jpg,0
003725.jpg,1
003726.jpg,0
003728.jpg,0
003729.jpg,1
003733.jpg,1
003734.jpg,0
003735.jpg,1
003737.jpg,1
003738.jpg,0
003739.jpg,0
003740.jpg,0
003742.jpg,1
003743.jpg,0
003744.jpg,1
003745.jpg,1
003746.jpg,1
003747.jpg,1
003748.jpg,1
003749.jpg,1
003751.jpg,1
003753.jpg,0
003754.jpg,1
003755.jpg,0
003756.jpg,1
003757.jpg,1
003758.jpg,0
003762.jpg,1
003766.jpg,1
003767.jpg,0
003770.jpg,0
003771.jpg,1
003772.jpg,0
003773.jpg,0
003774.jpg,1
003775.jpg,0
003776.jpg,1
003778.jpg,1
003780.jpg,0
003781.jpg,1
003782.jpg,1
003783.jpg,0
003784.jpg,1
003786.jpg,0
003787.jpg,0
003788.jpg,1
003789.jpg,1
003791.jpg,0
003792.jpg,1
003793.jpg,1
003795.jpg,1
003797.jpg,0
003798.jpg,1
003799.jpg,0
003800.jpg,0
003801.jpg,0
003802.jpg,1
003803.jpg,1
003804.jpg,0
003806.jpg,1
003807.jpg,1
003808.jpg,0
003809.jpg,1
003810.jpg,1
003811.jpg,1
003812.jpg,0
003813.jpg,0
003814.jpg,1
003817.jpg,0
003818.jpg,0
003819.jpg,1
003820.jpg,0
003821.jpg,0
003822.jpg,0
003823.jpg,1
003825.jpg,0
003827.jpg,0
003828.jpg,0
003830.jpg,1
003831.jpg,0
003832.jpg,0
003833.jpg,1
003835.jpg,1
003836.jpg,0
003837.jpg,0
003838.jpg,1
003841.jpg,1
003842.jpg,1
003843.jpg,1
003844.jpg,0
003845.jpg,1
003846.jpg,0
003847.jpg,0
003848.jpg,1
003849.jpg,1
003850.jpg,0
003852.jpg,1
003853.jpg,0
003854.jpg,1
003855.jpg,1
003856.jpg,0
003857.jpg,1
003858.jpg,0
003859.jpg,1
003860.jpg,0
003862.jpg,0
003863.jpg,1
003865.jpg,0
003866.jpg,1
003868.jpg,1
003869.jpg,0
003872.jpg,1
003873.jpg,1
003875.jpg,0
003876.jpg,0
003877.jpg,0
003879.jpg,0
003880.jpg,1
003881.jpg,1
003882.jpg,1
003883.jpg,1
003884.jpg,0
003885.jpg,1
003886.jpg,0
003887.jpg,0
003888.jpg,1
003889.jpg,0
003890.jpg,0
003891.jpg,0
003892.jpg,0
003893.jpg,0
003894.jpg,1
003895.jpg,0
003896.jpg,0
003897.jpg,1
003898.jpg,0
003899.jpg,1
003900.jpg,0
003901.jpg,1
003902.jpg,0
003903.jpg,1
003906.jpg,0
003907.jpg,1
003908.jpg,1
003909.jpg,0
003910.jpg,1
003911.jpg,1
003912.jpg,1
003913.jpg,1
003914.jpg,1
003915.jpg,1
003916.jpg,1
003918.jpg,0
003921.jpg,0
003922.jpg,1
003923.jpg,0
003924.jpg,0
003925.jpeg,0
003926.jpg,0
003927.jpg,1
003929.jpg,1
003930.jpg,0
003931.jpg,0
003932.jpg,0
003934.jpg,1
003935.jpg,1
003936.jpg,1
003937.jpg,1
003938.jpg,0
003940.jpg,1
003942.jpg,1
003943.jpg,0
003944.jpg,1
003945.jpg,1
003949.jpg,1
003950.jpg,1
003951.jpg,0
003952.jpg,0
003954.jpg,1
003956.jpg,0
003958.jpg,1
003959.jpg,1
003960.jpg,0
003961.jpg,0
003962.jpg,1
003963.jpg,1
003964.jpg,1
003965.jpg,1
003966.jpg,0
003967.jpg,0
003969.jpg,0
003971.jpg,0
003972.jpg,0
003973.jpg,1
003974.jpg,1
003975.jpg,1
003976.jpg,1
003977.jpg,1
003979.jpg,1
003980.jpg,0
003981.jpg,1
003982.jpg,1
003983.jpg,1
003985.jpg,0
003986.jpg,1
003989.jpg,0
003990.jpg,1
003992.jpg,0
003995.jpg,1
003996.jpg,1
004000.jpg,1
004001.jpg,1
004002.jpg,1
004004.jpg,0
004005.jpg,0
004006.jpg,1
004008.jpg,1
004009.jpg,0
004010.jpg,1
004011.jpg,0
004013.jpg,1
004014.jpg,0
004015.jpg,1
004016.jpg,0
004017.jpg,1
004018.jpg,0
004022.jpg,1
004023.jpg,1
004024.png,0
004026.jpg,1
004027.jpg,0
004029.jpg,0
004030.jpg,1
004031.jpg,1
004032.jpg,0
004033.jpg,0
004035.jpg,1
004037.jpg,0
004038.jpg,1
004043.jpg,1
004044.jpg,1
004045.jpg,1
004046.jpg,1
004047.jpg,0
004048.jpg,1
004050.jpg,1
004052.jpg,0
004053.jpg,1
004054.jpg,1
004055.jpg,0
004056.jpg,1
004057.jpg,1
004058.jpg,1
004060.jpg,1
004061.jpg,1
004062.jpg,0
004063.jpg,1
004064.jpg,1
004065.jpg,1
004066.jpg,1
004067.jpg,1
004068.jpg,1
004070.jpg,1
004073.jpg,0
004074.jpg,0
004075.jpg,0
004077.jpg,1
004078.jpg,1
004079.jpg,0
004080.jpg,0
004081.jpg,1
004083.jpg,0
004084.jpg,1
004085.jpg,0
004086.jpg,0
004087.jpg,0
004088.jpg,0
004089.jpg,0
004090.jpg,0
004091.jpg,1
004092.jpg,1
004094.jpg,0
004096.jpg,1
004097.jpg,0
004098.jpg,1
004099.jpg,1
004100.jpg,1
004101.jpg,1
004103.jpg,0
004104.jpg,0
004105.jpg,1
004106.jpg,1
004107.jpg,0
004109.jpg,0
004110.jpg,1
004111.jpg,0
004112.jpg,0
004113.jpg,1
004115.jpg,1
004116.jpg,0
004117.jpeg,0
004118.jpg,0
004119.jpg,0
004121.jpg,0
004122.jpg,0
004125.jpg,1
004126.jpg,0
004127.jpg,0
004128.jpg,1
004129.png,0
004130.jpg,1
004132.jpg,1
004133.jpg,1
004134.jpg,1
004135.jpg,1
004136.jpg,1
004137.jpg,0
004138.jpg,1
004139.jpg,0
004140.jpg,0
004141.jpg,0
004142.jpg,0
004143.jpg,1
004146.jpg,1
004147.jpg,0
004149.jpg,1
004150.jpg,1
004151.jpg,1
004152.jpg,0
004153.jpg,0
004155.jpg,0
004156.jpg,0
004157.jpg,1
004158.jpg,0
004159.jpg,1
004160.jpg,0
004163.jpg,1
004164.jpg,0
004165.jpg,1
004168.jpg,1
004169.jpg,1
004171.jpg,0
004172.jpg,1
004173.jpg,0
004174.jpg,1
004175.jpg,0
004176.jpg,0
004177.jpg,1
004180.jpg,1
004181.jpg,1
004183.jpg,1
004184.jpg,0
004185.jpg,1
004188.jpg,1
004189.jpg,0
004190.jpg,1
004191.jpg,1
004193.jpg,1
004194.jpg,0
004195.jpg,0
004196.jpg,1
004197.jpg,0
004199.jpg,0
004202.jpg,1
004203.jpg,1
004204.jpg,1
004205.jpg,0
004206.jpg,1
004207.jpg,0
004208.jpg,1
004209.jpg,0
004211.jpg,1
004213.jpg,1
004214.jpg,0
004215.jpg,1
004216.jpg,0
004217.jpg,1
004218.jpg,0
004219.jpg,0
004220.jpg,0
004221.jpg,1
004222.jpg,1
004223.jpg,1
004225.jpg,0
004226.jpg,1
004227.jpg,1
004228.jpg,0
004230.jpg,1
004232.jpg,0
004233.jpg,0
004234.jpg,1
004235.jpg,1
004237.jpg,1
004238.jpg,1
004239.jpg,0
004240.jpg,1
004241.jpg,0
004242.jpg,1
004243.jpg,0
004244.jpg,1
004245.jpg,0
004247.jpg,0
004250.jpg,1
004251.jpg,0
004254.jpg,1
004255.jpg,1
004256.jpg,1
004257.jpg,1
004259.jpg,1
004260.jpg,1
004261.jpg,0
004262.jpg,1
004263.jpg,1
004264.jpg,1
004266.jpg,0
004267.jpg,1
004268.jpg,0
004269.jpg,0
004270.jpg,1
004271.jpg,0
004272.jpg,0
004273.jpg,0
004275.jpg,1
004277.jpg,0
004278.jpg,1
004280.jpg,1
004281.jpg,0
004282.jpg,1
004283.jpg,1
004286.jpg,1
004287.jpg,0
004288.jpg,1
004289.jpg,0
004292.jpg,0
004294.jpg,0
004295.jpg,0
004297.jpg,1
004298.jpg,0
004299.jpg,1
004300.jpg,0
004301.jpg,0
004303.jpg,0
004305.jpg,0
004308.jpg,1
004309.jpg,1
004310.jpg,1
004312.jpg,0
004313.jpg,0
004314.jpg,0
004315.jpg,0
004316.jpg,0
004317.jpg,0
004318.jpg,0
004319.jpg,1
004321.jpg,0
004323.jpg,1
004324.jpg,1
004325.jpg,1
004326.jpg,1
004327.jpg,1
004328.jpg,1
004329.jpg,1
004330.jpg,0
004331.jpg,1
004332.jpg,0
004333.jpg,0
004335.jpg,1
004338.jpg,0
004339.jpg,0
004340.jpg,1
004342.jpg,0
004343.png,0
004344.jpg,1
004345.jpg,0
004346.jpg,0
004347.jpg,0
004348.jpg,1
004349.jpg,1
004350.jpg,1
004352.jpg,0
004353.jpg,0
004354.jpg,0
004355.jpg,1
004356.jpg,1
004357.jpg,0
004359.jpg,0
004360.jpg,0
004361.jpg,0
004362.jpg,0
004364.jpg,1
004365.jpg,1
004366.jpg,0
004367.jpg,1
004368.jpg,0
004369.jpg,0
004370.jpg,0
004371.jpg,1
004372.jpg,0
004373.jpg,1
004374.jpg,0
004375.jpg,1
004377.jpg,0
004379.jpg,0
004380.jpg,0
004381.jpg,0
004384.jpg,0
004385.jpg,1
004386.jpg,1
004387.jpg,1
004388.jpg,1
004389.jpg,1
004390.jpg,1
004391.jpg,1
004392.jpg,1
004393.jpg,1
004395.jpg,1
004396.jpg,0
004397.jpg,0
004398.jpg,0
004399.jpg,0
004400.jpg,1
004401.jpg,1
004402.jpg,1
004404.jpg,1
004405.jpg,1
004409.jpg,1
004410.jpg,0
004411.jpg,0
004412.jpg,0
004413.jpg,1
004414.jpg,0
004415.jpg,1
004416.jpg,0
004417.jpg,1
004418.jpg,0
004419.jpg,1
004420.jpg,1
004421.jpg,0
004422.jpg,1
004423.jpg,1
004424.jpg,1
004426.jpg,1
004427.jpg,0
004428.jpg,0
004429.jpg,0
004430.jpg,1
004431.jpg,0
004432.jpg,1
004433.jpg,1
004434.jpg,1
004435.jpg,1
004436.jpg,0
004439.jpg,1
004441.jpg,1
004442.jpg,1
004443.jpg,1
004444.jpg,0
004445.jpg,1
004446.jpg,1
004449.jpg,1
004450.jpg,0
004451.jpg,1
004452.jpg,1
004453.jpg,1
004454.jpg,1
004456.jpg,1
004458.jpg,0
004460.jpg,0
004461.jpg,0
004462.jpg,1
004463.jpg,1
004464.jpg,1
004465.jpg,0
004466.jpg,1
004469.jpg,1
004472.jpg,0
004473.jpg,1
004475.jpg,0
004477.jpg,0
004480.jpg,0
004482.jpg,1
004483.jpg,0
004484.jpg,0
004485.jpg,0
004486.jpg,0
004487.jpg,1
004489.jpg,1
004490.jpg,0
004491.jpg,1
004492.jpg,0
004494.jpg,1
004495.jpg,0
004496.jpg,1
004497.jpg,1
004498.jpg,1
004499.jpg,1
004500.jpg,0
004503.jpg,0
004506.jpg,1
004507.jpg,0
004510.jpg,0
004511.jpg,1
004512.jpg,0
004513.jpg,1
004514.jpg,0
004516.jpg,1
004517.jpg,1
004520.jpg,0
004521.jpg,1
004522.jpg,1
004523.jpg,0
004524.jpg,0
004525.jpg,1
004526.jpg,0
004527.jpg,1
004529.jpg,1
004533.jpg,0
004534.jpg,1
004536.jpg,0
004537.jpg,1
004538.jpg,1
004539.jpg,0
004540.jpg,0
004541.jpg,1
004543.jpg,1
004545.jpg,1
004546.jpg,1
004548.jpg,0
004549.jpg,0
004550.jpg,1
004551.jpg,0
004552.jpg,0
004555.jpg,1
004557.jpg,1
004559.jpg,0
004561.jpg,0
004563.jpg,0
004564.jpg,0
004565.jpg,1
004566.jpg,1
004567.jpg,0
004569.jpg,0
004570.jpg,1
004571.jpg,1
004572.jpg,0
004575.jpg,1
004576.jpg,1
004577.jpg,1
004579.jpg,1
004581.jpg,1
004582.jpg,0
004583.jpg,1
004585.jpg,0
004586.jpg,1
004588.jpg,1
004589.jpg,1
004590.jpg,0
004591.jpg,0
004592.jpg,1
004593.jpg,0
004594.jpg,0
004595.jpg,0
004596.jpg,0
004597.jpg,1
004598.jpg,1
004600.jpg,0
004604.jpg,1
004605.jpg,1
004607.jpg,0
004609.jpg,0
004611.jpg,1
004612.jpg,0
004613.jpg,0
004617.jpg,0
004619.jpg,1
004621.jpg,0
004622.jpg,1
004624.jpg,1
004626.jpg,1
004627.jpg,0
004630.jpg,0
004631.jpg,1
004632.jpg,1
004633.jpg,1
004636.jpg,1
004637.jpg,0
004638.jpg,0
004640.jpg,1
004641.jpg,1
004642.jpg,1
004644.jpg,1
004645.jpg,1
004646.jpg,1
004647.jpg,0
004648.jpg,1
004649.jpg,1
004651.jpg,1
004652.jpg,1
004654.jpg,1
004656.jpg,0
004657.jpg,1
004660.jpg,0
004661.jpg,1
004662.jpg,0
004664.jpg,1
004665.jpg,1
004667.jpg,1
004668.jpg,0
004669.jpg,0
004671.jpg,0
004672.jpg,0
004673.jpg,0
004676.jpg,1
004677.jpg,1
004679.jpg,1
004682.jpg,0
004683.jpg,1
004684.jpg,1
004685.jpg,0
004686.jpg,0
004687.jpg,0
004688.jpg,0
004689.jpg,1
004690.jpg,1
004692.jpg,0
004694.jpg,1
004697.jpg,0
004698.jpg,0
004699.jpg,1
004700.jpg,0
004701.jpg,1
004702.jpg,1
004703.jpg,0
004704.jpg,0
004705.jpg,1
004708.jpg,0
004709.jpg,0
004711.jpg,1
004712.jpg,1
004713.jpg,0
004714.jpg,0
004715.jpg,0
004717.jpg,0
004718.jpg,1
004719.jpg,1
004720.jpg,0
004721.jpg,0
004722.jpg,1
004723.jpg,0
004725.jpg,1
004727.jpg,1
004728.jpg,0
004731.jpg,0
004732.jpg,1
004733.jpg,1
004735.jpg,1
004737.jpg,0
004739.jpg,1
004740.jpg,0
004742.jpeg,0
004743.jpg,1
004745.jpg,0
004746.jpg,0
004747.jpg,1
004749.jpg,0
004752.jpg,0
004754.jpg,0
004755.jpg,1
004756.jpg,1
004759.jpg,1
004760.jpg,0
004761.jpg,0
004762.jpg,1
004763.jpg,1
004764.jpg,0
004765.jpg,1
004766.jpg,1
004767.jpg,1
004768.jpg,1
004769.jpg,0
004770.jpg,0
004771.jpg,1
004772.jpg,0
004773.jpg,0
004774.jpg,1
004776.jpg,1
004777.jpg,1
004778.jpg,0
004779.jpg,1
004780.jpeg,0
004781.jpg,0
004782.jpg,1
004783.jpg,1
004784.jpg,0
004785.jpg,0
004787.jpg,1
004788.jpg,1
004790.jpg,1
004791.jpeg,0
004792.jpg,0
004796.jpg,1
004797.jpg,1
004800.jpg,1
004801.jpg,0
004803.jpg,1
004805.jpg,1
004806.jpg,0
004807.jpg,1
004808.jpg,0
004810.jpg,0
004811.jpg,0
004812.jpg,0
004813.jpg,1
004815.jpg,0
004816.jpg,1
004817.jpg,1
004818.jpg,1
004819.jpg,1
004820.jpg,0
004821.jpg,0
004822.jpg,1
004823.jpg,0
004825.jpg,1
004827.jpeg,0
004828.jpg,1
004830.jpg,0
004831.jpg,1
004832.jpg,1
004833.jpg,1
004835.jpg,1
004836.jpg,0
004837.jpg,1
004838.jpg,0
004839.jpg,1
004841.jpg,0
004842.jpg,1
004843.jpg,0
004844.jpg,1
004845.jpg,1
004846.jpg,1
004848.jpg,0
004849.jpg,0
004850.jpg,0
004851.jpg,1
004852.jpg,0
004853.jpg,0
004855.jpg,1
004857.jpg,0
004858.jpg,1
004859.jpg,1
004860.jpg,0
004861.jpg,1
004862.jpg,0
004863.jpg,1
004866.jpg,0
004867.jpg,0
004868.jpg,0
004869.jpg,1
004870.jpg,1
004871.jpg,0
004872.jpg,0
004873.jpg,0
004875.jpg,1
004876.jpg,1
004877.jpg,1
004879.jpg,0
004881.jpg,0
004882.jpg,1
004884.jpg,0
004887.jpg,1
004889.jpg,1
004890.jpg,0
004893.jpg,0
004894.jpg,1
004898.jpg,0
004899.jpg,0
004901.jpg,0
004902.jpg,0
004903.jpg,0
004904.jpg,1
004905.jpg,0
004906.jpg,1
004907.jpg,1
004908.jpg,0
004909.jpg,1
004913.jpg,0
004914.jpg,1
004915.jpg,1
004916.jpg,1
004917.jpg,1
004918.jpg,1
004921.jpg,1
004922.jpg,0
004923.jpg,1
004924.jpg,1
004925.jpg,0
004926.jpg,0
004928.jpg,1
004929.jpg,0
004933.jpg,1
004935.jpg,1
004936.jpg,1
004939.jpg,0
004940.jpg,1
004942.jpg,0
004944.jpg,1
004945.jpg,1
004946.jpg,1
004948.jpg,1
004950.jpg,0
004951.jpg,1
004952.jpg,1
004953.jpg,0
004954.jpg,1
004955.jpg,1
004956.jpg,0
004957.jpg,1
004958.jpg,0
004960.jpg,0
004961.jpg,0
004962.jpg,1
004963.jpg,0
004966.jpg,0
004967.jpg,1
004968.jpg,0
004969.jpg,1
004970.jpg,0
004972.jpg,1
004974.jpg,1
004975.jpg,1
004978.jpg,1
004979.jpg,0
004980.jpg,1
004981.jpg,1
004982.jpg,0
004983.jpg,0
004984.jpg,0
004985.jpg,0
004986.jpg,0
004987.jpg,1
004990.jpg,0
004991.jpg,1
004992.jpg,1
004994.jpg,1
004996.jpg,0
004998.jpg,1
004999.jpg,0
005001.jpg,0
005002.jpg,0
005003.jpg,1
005006.jpg,0
005007.jpg,1
005008.jpg,1
005009.jpg,0
005010.jpg,0
005011.jpg,0
005012.jpg,1
005013.jpg,1
005015.jpg,0
005017.jpg,1
005019.jpg,1
005020.jpg,0
005021.jpg,1
005022.jpg,1
005023.jpg,0
005024.jpg,0
005026.jpg,0
005027.jpg,1
005029.jpg,0
005030.jpg,0
005031.jpg,1
005032.jpg,1
005033.jpg,0
005035.jpg,1
005036.jpg,0
005037.jpg,1
005038.jpg,0
005040.jpg,0
005041.jpg,0
005042.jpg,0
005043.jpg,0
005045.jpg,0
005046.jpg,1
005049.jpg,1
005050.jpg,0
005051.jpg,1
005054.jpg,1
005055.jpg,0
005056.jpg,0
005058.jpg,1
005059.jpg,1
005060.jpg,0
005061.jpg,1
005062.jpg,0
005063.jpg,0
005065.jpg,0
005066.jpg,0
005068.jpg,1
005071.jpg,0
005073.jpg,1
005075.jpg,0
005076.jpg,1
005077.jpg,1
005080.jpg,0
005081.jpg,1
005082.jpg,1
005084.jpg,0
005085.jpg,0
005087.jpg,0
005088.jpg,1
005089.jpg,1
005090.jpg,0
005091.jpg,1
005092.jpg,0
005094.jpg,0
005095.jpg,0
005096.jpg,0
005098.jpg,0
